country,1992,1993,1994,1995,1996,1997,1998,1999,2000,2001,2002,2003,2004,2005,2006,2007,2008,2009,2010,2011,2012,2013,2014,2015,2016,2017,2018
Afghanistan,Nan,Nan,Nan,Nan,Nan,Nan,Nan,Nan,Nan,Nan,845.295,900.066,896.036,999.238,1052.539,1191.318,1229.735,1457.686,1561.15,1655.363,1875.016,1965.75,2007.136,2008.695,1923.276,1957.577,2024.189
Albania,2065.753,2329.302,2655.585,2948.514,3247.921,2961.109,3278.088,3781.164,4162.267,4653.652,4954.286,5352.427,5827.209,6379.655,7007.894,7682.668,8485.749,8896.741,9385.743,9849.795,10190.221,10477.717,10877.529,11273.455,11820.515,12506.645,13274.097
Algeria,6963.246,6817.344,6748.718,7010.746,7278.713,7361.338,7698.083,7942.719,8282.592,8599.211,9085.161,9786.754,10332.415,11125.969,11487.59,12008.489,12267.447,12321.217,12667.726,13026.656,13431.874,13737.124,14211.868,14581.017,14955.261,15237.198,15757.706
Angola,2015.329,1522.747,1530.084,1743.974,1957.596,2073.741,2130.661,2146.078,2196.071,2272.419,2546.228,2636.181,2899.027,3512.522,4182.467,5135.404,5786.043,5796.753,5893.375,6066.033,6308.385,6649.414,6880.734,6955.325,6783.266,6752.58,6849.824
Antigua and Barbuda,12490.011,13164.707,13980.018,13290.144,14037.121,14644.36,15091.229,15506.857,16570.835,15834.576,16070.532,17200.726,18490.402,20091.744,23098.201,25633.807,25851.611,22649.811,21050.377,20812.723,21703.459,21798.993,23074.204,24013.159,25347.436,26231.545,27471.047
Argentina,9095.877,9749.253,10404.229,10192.614,10822.626,11764.146,12212.103,11849.834,11897.892,11515.979,10319.064,11347.803,12594.189,14015.809,15457.421,17128.579,17995.187,16893.446,18529.323,19817.451,19749.537,20322.481,19946.913,20491.792,20156.26,20875.756,21528.755
Armenia,1416.267,1275.764,1406.668,1585.081,1724.217,1830.466,1985.333,2093.078,2273.346,2561.94,2996.233,3496.872,3982.419,4721.849,5527.642,6476.547,7086.088,6150.25,6370.175,6803.483,7418.098,7760.515,8170.329,8512.766,8643.199,9455.943,9998.792
Australia,19746.877,20812.583,22076.345,22890.795,23997.521,25268.767,26472.499,27736.552,28903.917,29939.747,31318.443,32427.858,34336.873,36008.478,37568.266,39486.853,40461.023,40780.509,41675.096,43015.778,44691.541,45640.23,46967.976,47961.769,49096.399,50333.705,52190.929
Austria,22283.944,22691.016,23592.364,24666.051,25683.887,26640.378,27863.304,29238.86,30839.344,31819.852,32680.098,33495.822,35136.686,36829.275,39069.445,41467.451,42762.536,41366.108,42540.838,44541.75,45466.161,45934.61,46778.47,47327.868,48013.548,49868.712,51936.179
Azerbaijan,4664.182,3658.327,2957.715,2610.08,2695.811,2957.392,3138.128,3515.015,3781.107,4076.732,4487.387,4996.627,5555.443,7252.158,9927.13,12619.59,14045.515,15230.964,15994.601,15861.326,16271.494,17276.909,17824.47,17915.447,17377.589,17492.359,18035.946
Bahamas. The,18425.18,18598.025,19256.965,20103.338,20973.87,22015.461,22923.008,24535.866,25722.314,26600.254,27339.571,27146.691,27756.257,29230.552,30512.285,31398.17,30905.747,29500.86,29985.949,30452.451,31617.607,31593.318,31409.736,30435.318,30533.625,31139.371,32282.526
Bahrain,27774.547,29802.959,30599.003,31010.952,31755.747,32197.874,33238.191,34832.469,37133.027,37528.328,36651.626,36931.261,37677.2,38481.589,39080.837,40151.072,40852.085,39632.55,39952.652,42962.579,44861.77,46359.459,46945.853,46827.22,47114.695,48504.791,50102.933
Bangladesh,935.079,977.277,1021.154,1069.395,1119.856,1175.021,1222.887,1283.848,1361.275,1434.179,1501.374,1594.397,1713.09,1854.688,2018.201,2183.024,2324.597,2441.443,2592.165,2785.466,2978.629,3170.554,3396.055,3630.143,3900.813,4210.789,4560.658
Barbados,9174.67,9468.073,9329.346,9712.931,10274.701,10884.295,11383.991,11569.858,12281.958,12228.134,12472.493,12959.115,13448.33,14394.431,15643.436,16301.393,16650.621,16065.483,16265.347,16688.418,17004.195,17134.107,17417.794,17733.857,18213.768,18663.508,19146.491
Belarus,5121.039,4833.526,4363.958,3981.017,4180.565,4761.318,5244.229,5517.328,5985.239,6432.167,6899.869,7586.002,8747.575,9948.667,11358.069,12736.047,14372.233,14547.744,15890.096,17152.522,17796.86,18266.806,18893.689,18341.977,18074.278,18930.845,20007.697
Belgium,21345.861,21543.884,22639.781,23593.164,24376.517,25645.08,26378.299,27677.985,29263.838,30102.012,30968.62,31688.87,33612.19,35252.647,37014.161,39038.092,39805.947,38890.12,40121.532,41077.273,41647.229,42168.269,43338.404,44200.655,45124.222,46553.074,48258.417
Belize,4113.863,4344.758,4318.052,4324.313,4355.318,4427.471,4477.085,4851.888,5456.915,5690.913,5892.813,6367.001,6630.382,6799.162,7097.812,7125.913,7253.751,7349.822,7668.344,7784.619,8017.713,7993.631,8295.114,8480.88,8328.843,8324.436,8445.362
Benin,1010.604,1057.358,1064.576,1115.136,1147.911,1197.696,1221.954,1268.911,1320.867,1380.663,1422.939,1456.409,1516.42,1545.803,1608.768,1701.139,1768.857,1773.222,1782.048,1820.895,1890.089,2003.396,2111.01,2121.022,2174.794,2277,2404.819
Bhutan,1617.157,1738.109,1839.535,2002.662,2144.127,2266.409,2369.535,2505.897,2667.739,2835.164,3062.989,3309.308,3526.703,3782.31,4070.5,4614.067,5112.549,5345.718,5816.718,6406.6,6822.349,7065.778,7358.624,7768.663,8234.205,8744.031,9426.639
Bolivia,2649.265,2749.504,2857.416,2993.81,3119.267,3264.951,3399.254,3399.739,3497.275,3570.056,3647.574,3753.05,3946.715,4180.313,4438.632,4684.923,4986.845,5108.841,5298.1,5598.567,5899.785,6303.266,6663.006,6955.179,7228.608,7546.99,7900.786
Bosnia and Herzegovina,Nan,Nan,Nan,Nan,2978.043,3748.961,4315.367,4841.247,5160.907,5396.655,5749.504,6084.866,6639.821,7143.27,7786.037,8483.419,9158.915,9194.803,9440.227,9810.166,10030.824,10557.449,10989.367,11547.261,12136.332,12723.739,13442.512
Botswana,5772.761,5980.23,5901.312,6288.409,6617.618,7109.93,7089.299,7744.772,7941.719,8022.012,8526.532,8989.298,9373.209,9989.222,11009.232,12068.926,12891.382,11833.319,12839.272,13734.084,14439.184,16145.302,16916.457,16612.6,17344.947,17828.067,18843.09
Brazil,6979.382,7377.526,7849.817,8224.162,8303.725,8605.786,8603.742,8651.834,9108.014,9312.944,9613.91,9788.955,10504.994,11054.722,11707.587,12604.691,13360.29,13304.91,14337.934,15070.186,15499.145,16078.613,16309.052,15769.496,15294.734,15602.535,16199.24
Brunei Darussalam,60566.061,60761.144,62278.117,64990.038,66418.222,64970.26,63661.385,65053.569,66767.381,68467.876,69828.248,72156.327,72422.178,72933.42,75847.473,76560.012,79577.632,77667.201,79302.823,82567.707,83659.612,82052.74,80221.211,79637.805,77422.263,78196.049,79726.268
Bulgaria,7373.174,6741.501,6701.336,6796.465,6419.011,6471.126,6907.59,7011.809,7454.065,8170.451,8839.205,9534.418,10481.104,11652.461,12902.108,14290.896,15517.104,15159.644,15669.934,16694.86,17107.288,17627.491,18292.076,19288.961,20453.426,21686.637,23154.16
Burkina Faso,597.555,616.026,620.262,651.262,716.112,753.112,794.327,841.541,852.382,903.293,930.043,993.521,1035.736,1127.599,1198.114,1241.941,1299.216,1307.255,1392.193,1470.435,1547.65,1615.661,1666.587,1700.352,1792.771,1889.448,1993.505
Burundi,630.946,606.721,585.756,540.489,497.172,499.572,519.754,518.302,523.823,528.816,533.562,544.636,563.776,604.579,637.76,657.603,680.64,689.213,710.641,731.872,755.09,788.453,814.247,767.489,745.332,735.227,731.117
Cape Verde,1720.965,1845.904,1968.768,2106.462,2236.343,2396.967,2575.201,2869.229,3089.008,3290.941,3454.167,3724.09,3958.741,4277.685,4778.328,5338.038,5793.488,5750.71,5883.495,6205.67,6195.239,6268.401,6341.577,6395.884,6642.716,6944.018,7315.703
Cambodia,692.829,712.328,755.078,794.667,828.245,865.928,896.407,995.09,1083.196,1174.169,1246.959,1355.993,1512.216,1740.284,1957.849,2184.238,2343.176,2328.985,2459.636,2646.492,2840.4,3055.265,3280.681,3502.396,3740.758,4012.425,4321.825
Cameroon,1796.548,1729.078,1671.967,1715.212,1782.397,1857.253,1915.672,1968.872,2028.427,2106.302,2168.537,2249.799,2401.186,2459.65,2551.448,2672.904,2743.598,2748.262,2806.877,2910.356,3023.053,3158.912,3321.771,3461.028,3571.886,3660.255,3799.176
Canada,20667.921,21473.3,22671.587,23518.134,24080.63,25286.626,26327.289,27885.231,29723.392,30615.354,31676.323,32585.232,34192.793,36079.098,37780.987,39201.886,39944.06,38615.328,39844.443,41524.262,42537.307,43786.714,45344.522,45884.927,46605.654,48265.248,49775.185
Central African Republic,627.31,627.387,690.55,718.124,659.285,706.473,725.327,748.559,738.572,744.94,745.681,697.032,722.975,751.658,797.385,840.725,858.477,863.049,882.892,912.956,949.392,598.924,604.164,627.718,651.75,676.918,705.889
Chad,889.955,871.318,916.75,874.274,886.876,929.548,980.07,963.601,952.298,1061.026,1140.285,1218.9,1632.779,1780.857,1802.416,1864.306,1911.32,1956.622,2194.957,2188.243,2365.683,2480.187,2632.905,2642.486,2443.017,2343.552,2420.501
Chile,7120.199,7643.514,8060.355,8804.877,9450.15,10184.74,10602,10572.86,11241.984,11744.774,12218.033,12832.66,13990.048,15112.64,16390.016,17466.526,18243.092,17886.841,18950.671,20305.619,21547.476,22543.036,23106.963,23645.771,24005.118,24537.111,25667.735
China. People's Republic of,1260.744,1453.452,1660.169,1861.479,2061.521,2266.814,2447.669,2652.208,2918.206,3210.055,3533.069,3940.127,4431.278,5060.789,5847.815,6820.572,7583.36,8303.4,9251.837,10290.469,11252.083,12265.123,13327.138,14329.949,15397.394,16660.269,18066.49
Colombia,5272.774,5599.592,5906.395,6237.164,6377.735,6622.544,6629.498,6366.777,6602.969,6779.618,6968.138,7293.785,7797.333,8324.621,9046.044,9809.852,10234.955,10359.942,10775.807,11586.773,12135.873,12784.986,13432.037,13835.036,14137.971,14485.301,15055.432
Comoros,1145.089,1182.385,1119.977,1159.904,1140.94,1184.175,1185.569,1201.29,1220.045,1262.506,1307.237,1337.795,1339.152,1405.564,1430.967,1438.856,1443.843,1443.609,1453.431,1476.605,1507.624,1544.176,1560.418,1551.757,1563.247,1588.277,1629.177
Democratic Republic of the Congo,645.441,553.531,513.63,521.613,507.973,466.313,444.222,425.363,388.007,377.199,382.796,400.2,426.13,453.227,477.681,505.894,531.992,535.276,563.425,596.684,631.792,676.163,731.536,767.585,772.852,789.952,813.831
Congo,3927.112,3884.046,3657.386,3787.766,3924.268,3869.775,3958.995,3820.283,4100.697,4247.454,4400.255,4414.14,4578.74,4968.383,5307.704,5231.926,5494.452,5824.895,6253.493,6438.221,6641.832,6799.909,7215.221,7301.938,7010.616,6641.822,6675.92
Costa Rica,5774.436,6168.964,6392.405,6604.371,6627.004,6936.76,7319.062,7541.62,8066.65,8229.179,8482.426,8878.521,9368.31,9892.891,10772.844,11792.683,12401.081,12193.338,12769.048,13421.518,14138.748,14503.813,15029.687,15545.566,16258.094,16877.2,17669.45
Croatia,8086.387,7790.473,8611.754,9524.958,10174.426,10848.063,11346.141,11279.201,12441.822,13394.79,14313.982,15407.192,15983.574,17173.139,18556.176,20049.145,20871.538,19499.253,19505.504,20483.083,20449.529,20703.324,21144.075,22051.857,23226.531,24423.541,25806.884
Cyprus,17069.545,17170.654,18186.901,20206.347,20502.459,21066.971,22115.417,23274.753,24888.212,26105.303,27097.11,27996.698,29699.894,31355.804,33280.405,35155.469,36346.887,35044.078,34965.632,34922.676,33588.471,31961.848,32373.189,33805.558,35220.18,37022.96,38980.079
Czech Republic,Nan,Nan,Nan,13874.096,14783.479,14964.881,15092.193,15557.078,16608.529,17559.867,18178.876,19225.48,20717.931,22773.8,25021.692,27045.588,28071.632,26713.701,27558.853,28560.541,28802.61,29096.61,30433.738,32317.566,33529.161,35512.399,37546.476
Cote d'Ivoire,2213.478,2058.691,2044.841,2141.578,2293.061,2403.307,2484.571,2498.439,2439.018,2434.339,2368.9,2322.892,2354.94,2409.887,2457.689,2502.554,2550.223,2585.905,2602.643,2480.349,2710.735,2933.633,3166.57,3395.67,3631.25,3882.914,4155.307
Denmark,23072.474,23538.823,25242.842,26452.629,27531.496,28783.663,29629.045,30860.378,32644.676,33542.604,34094.648,34811.317,36626.692,38591.877,41211.476,42538.258,42924.886,40863.157,41957.613,43193.97,43933.199,44882.317,46223.127,47202.341,48338.82,49883.031,51643.43
Djibouti,2349.022,2181.472,2137.743,2048.99,1953.809,1909.632,1879.913,1910.899,1914.707,1939.16,1977.248,2024.254,2079.484,2152.883,2262.748,2373.045,2490.339,2480.358,2543.572,2709.535,2814.266,2920.932,3065.912,3210.701,3368.701,3559.416,3778.392
Dominica,4652.009,4865.25,4970.08,5227.043,5487.244,5702.688,5981.617,6094.202,6378.152,6518.876,6436.269,6986.63,7403.001,7696.773,8308.752,9078.239,9922.468,9887.873,10083.136,10274.786,10352.115,10600.359,11242.41,10948.583,11380.833,11102.28,9506.364
Dominican Republic,4089.059,4413.259,4545.117,4822.313,5120.513,5582.005,5926.162,6278.773,6623.425,6847.069,7168.268,7115.839,7404.131,8259.843,9188.862,10019.623,10424.134,10489.018,11380.749,11849.073,12275.308,12926.56,14018.235,15020.902,16070.815,16944.148,18116.393
Ecuador,5088.28,5200.336,5425.326,5556.761,5658.307,5909.997,6077.35,5792.691,5901.134,6139.202,6350.544,6540.619,7147.642,7672.06,8112.177,8360.529,8904.888,8860.738,9115.861,9868.982,10443.71,10958.138,11394.902,11351.803,11144.338,11482.218,11864.603
Egypt,4598.178,4745.889,4947.424,5170.079,5397.948,5697.874,6061.482,6393.342,6699.446,6940.048,7123.63,7345.665,7697.265,8131.83,8773.772,9458.096,10116.033,10433.999,10850.779,11022.11,11210.449,11448.084,11716.694,12042.094,12550.649,12670.762,13329.958
El Salvador,3354.02,3639.684,3892.243,4174.829,4277.777,4488.284,4666.346,4859.136,5042.082,5209.69,5386.079,5591.587,5822.412,6192.888,6600.049,7012.776,7205.818,6998.7,7157.579,7431.089,7673.14,7902.972,8120.494,8357.283,8623.243,8948.207,9319.463
Equatorial Guinea,647.338,707.692,816.357,1020.128,1535.338,3749.984,4582.99,5698.294,11981.875,19014.135,22388.591,25346.528,32955.907,35721.707,37785.747,43453.777,50732.308,50363.376,45141.048,47719.456,51187.153,48499.283,47700.638,42648.046,37984.903,36017.375,32855.136
Eritrea,700.88,811.224,933.991,1143.842,1173.685,1274.954,1353.055,1356.72,1366.782,1188.267,1273.432,1299.271,1262.924,1286.084,1277.495,1295.356,1161.133,1185.085,1196.218,1296.161,1379.932,1434.843,1470.143,1492.726,1508.666,1581.324,1653.253
Estonia,Nan,7338.238,7542.778,8022.913,8742.412,10076.969,10704.086,10882.922,12113.488,13254.343,14370.605,15839.401,17412.636,19764.626,22600.071,25143.969,24328.966,20946.478,21721.217,23919.022,25494.056,26508.317,27856.003,28685.041,29684.604,31749.522,33842.127
Ethiopia,347.831,390.325,399.28,419.25,470.464,478.278,450.647,473.386,517.768,552.191,554.258,521.462,583.324,660.774,740.158,827.988,924,1007.991,1110.688,1242.961,1354.318,1488.614,1645.089,1806.96,1945.291,2160.796,2360.978
FYR Macedonia,6161.432,5806.697,5793.918,5815.137,5951.004,6115.319,6359.935,6708.337,7144.755,7060.259,7255.595,7547.113,8092.694,8729.152,9436.011,10297.871,11055.824,11077.648,11563.94,12064.072,12215.432,12754.313,13432.274,14087.13,14664.816,14914.253,15661.868
Fiji,4109.243,4282.347,4560.581,4739.662,5018.862,4946.197,5028.45,5509.96,5500.263,5692.157,5922.803,6046.967,6503.631,6580.25,6864.322,6936.396,7108.813,7028.695,7293.08,7608.346,7820.756,8284.174,8863.741,9263.183,9375.325,9777.22,10303.549
Finland,17630.528,17825.284,18836.53,19956.305,20989.465,22615.238,24031.094,25422.468,27404.124,28697.766,29549.327,30672.217,32668.691,34545.622,36917.128,39703.222,40592.799,37336.992,38741.407,40377.73,40340.005,40490.057,40771.587,41114.861,42408.047,44332.604,46342.763
France,21131.884,21405.119,22297.308,23161.487,23835.85,24733.754,25810.013,27006.283,28514.844,29529.831,30105.513,30743.205,32252.237,33571.061,35172.584,36724.648,37313.106,36297.357,37284.251,38657.22,39251.05,39912.039,40801.915,41507.71,42366.794,43760.77,45473.946
Gabon,13174.669,13688.557,14145.312,14788.836,15224.031,15973.914,16301.286,14703.023,14394.511,14672.244,14561.274,14735.837,14937.177,14923.416,14720.457,15601.149,15590.346,14788.744,15325.698,16138.115,16665.156,17196.152,18020.346,18655.258,19017.667,19254.025,19951.8
Gambia,1087.1,1091.705,1040.987,1064.785,1083.227,1068.921,1118.27,1173.195,1228.742,1288.614,1226.475,1294.625,1378.764,1365.18,1378.266,1420.498,1483.745,1541.945,1610.973,1524.756,1589.06,1639.997,1633.05,1669.731,1676.865,1712.991,1790.423
Georgia,2082.585,1724.697,1529.784,1647.645,1901.348,2192.693,2307.357,2430.95,2567.096,2770.522,2990.347,3432.625,3778.259,4328.042,4944.11,5788.621,6124.74,6025.587,6568.292,7286.867,8002.44,8525.998,9210.544,9602.013,10053.446,10747.053,11481.282
Germany,22900.884,23086.566,24115.209,25013.041,25639.474,26562.358,27346.472,28286.856,29839.56,31054.076,31516.57,31925.268,33070.322,34484.464,36995.357,39347.374,40560.936,38730.093,40850.663,43249.191,44266.073,45127.186,46627.525,47429.656,48532.45,50425.15,52801.105
Ghana,1392.332,1441.647,1487.514,1543.424,1603.658,1667.526,1720.766,1779.011,1840.423,1912.214,1979.286,2071.739,2191.431,2334.986,2493.417,2604.462,2826.286,2911.292,3100.406,3518.967,3819.202,4060.869,4191.446,4289.747,4393.865,4729.487,5013.169
Greece,14844.901,14863.56,15396.534,15977.451,16652.058,17628.451,18403.03,19160.964,20312.401,21513.206,22591.306,24315.555,26189.59,27120.823,29440.855,31125.186,31558.084,30337.521,28961.801,26850.252,25433.138,25194.264,26017.86,26389.706,26844.695,27737.027,29057.698
Grenada,4908.03,4871.028,5010.064,5182.549,5479.02,5827.926,6574.647,7131.916,7650.118,7648.796,8013.421,8922.683,9083.757,10590.265,10448.385,11347.303,11640.944,10915.174,10952.038,11220.933,11252.152,11655.43,12688.008,13598.437,14222.832,14925.602,15752.532
Guatemala,3740.929,3868.437,3995.146,4161.297,4258.438,4409.146,4559.056,4693.151,4808.643,4920.47,5068.518,5176.753,5359.669,5581.99,5926.823,6324.924,6515.037,6456.226,6578.25,6844.486,7026.178,7249.283,7529.387,7765.742,7944.68,8144.844,8429.322
Guinea,915.89,929.547,937.651,960.692,989.353,1032.699,1061.382,1100.015,1134.057,1182.165,1241.318,1259.758,1299.97,1353.622,1397.56,1490.451,1541.556,1489.163,1530.1,1607.17,1689.732,1739.904,1791.238,1828.43,1926.318,2040.592,2154.085
Guinea-Bissau,974.281,997.586,1025.933,1065.617,1101.35,1161.828,928.407,1053.544,1150.075,1099.169,1030.902,1039.504,1148.51,1242.268,1279.176,1326.996,1366.01,1391.087,1461.925,1578.024,1545.563,1586.752,1595.704,1675.073,1755.488,1844.779,1947.614
Guyana,2318.21,2561.59,2826.223,3014.334,3299.914,3544.573,3507.536,3652.669,3675.583,3838.312,3942.333,3997.79,4174.173,4222.895,4566.554,5003.734,5188.824,5380.155,5668.825,6076.222,6469.089,6889.558,7253.98,7533.232,7874.427,8161.201,8616.013
Haiti,1319.835,1258.792,1112.348,1224.431,1274.632,1307.557,1326.705,1359.481,1378.723,1372.302,1367.527,1377.726,1344.474,1390.816,1443.051,1507.27,1526.173,1561.365,1471.597,1562.287,1614.06,1686.409,1741.262,1758.343,1783.831,1814.652,1870.442
Honduras,2227.947,2359.954,2318.845,2404.007,2476.371,2585.229,2630.826,2565.389,2757.1,2838.436,2931.452,3065.809,3283.482,3527.939,3804.991,4074.289,4255.023,4113.023,4249.112,4433.719,4632.1,4768.688,4931.959,5104.192,5287.974,5561.52,5802.055
Hong Kong SAR,19906.358,21245.319,22551.116,23001.45,23843.293,25292.334,23818.98,24587.312,26775.749,27462.639,28365.175,29645.74,32947.936,36306.359,39667.916,43143.082,44760.931,43787.424,46948.237,49818.956,51156.824,53298.699,55431.184,56924.381,58344.85,61393.316,64533.422
Hungary,9976.818,10163.753,10701.509,11216.734,11440.774,12048.692,12721.266,13362.668,14285.154,15204.568,16176.699,17190.001,18592.546,20070.546,21528.734,22221.948,22899.476,21580.618,22030.683,22923.247,23086.612,24006.797,25553.345,26757.059,27770.078,29473.664,31369.973
Iceland,18763.177,19265.222,20239.145,20609.7,21833.901,23084.121,24678.383,25720.587,27097.93,28481.005,28886.311,29938.821,32905.358,35373.762,37321.632,40892.19,41867.216,39656.756,38594.025,40022.851,41005.016,42953.317,44220.718,46146.552,49683.007,51841.527,54121.367
India,1260.585,1323.373,1413.303,1522.247,1635.632,1698.113,1788.704,1934.667,2018.37,2129.957,2210.307,2394.524,2611.934,2901.043,3217.986,3573.845,3730.934,4020.226,4424.581,4750.287,5033.975,5371.271,5796.579,6254.95,6697.219,7182.802,7783.893
Indonesia,3417.835,3715.904,4014.556,4362.812,4735.058,4984.908,4327.559,4377.985,4646.85,4856.658,5080.64,5353.319,5696.024,6126.593,6568.549,7070.37,7636.641,7943.141,8432.703,8973.563,9554.342,10108.427,10661.626,11156.893,11719.18,12377.486,13162.464
Iran  (Islamic Republic of),8720.976,8909.794,8834.353,8979.07,9570.851,9520.293,9644.284,9658.949,10381.665,10526.5,11606.426,12735.019,13402.037,14325.787,15307.377,16567.758,16669.803,16583.85,17517.755,18183.549,16890.347,16906.32,17417.074,17107.303,19256.075,20199.588,21241.244
Iraq,Nan,Nan,Nan,Nan,Nan,Nan,Nan,Nan,Nan,Nan,Nan,6331.512,9711.572,9930.045,10547.558,10773.015,11609.745,11799.19,12380.02,13247.836,14986.095,15978.13,15207.687,15712.31,17219.43,16953.891,17428.589
Ireland,15016.188,15642.905,16861.767,18784.056,20723.147,23099.915,25064.974,27842.557,30757.335,32779.404,34780.927,35995.886,38727.556,41369.644,43743.531,45905.457,44259.221,42221.724,43291.161,45359.431,46058.269,47422.422,52133.597,65656.454,69248.282,75538.358,79924.706
Israel,13967.727,14457.111,15402.747,16784.29,17671.505,18245.58,18748.242,19222.18,20818.604,20814.589,20679.796,20944.067,22202.087,23440.685,25091.069,26876.389,27710.026,27662.766,28997.396,30569.21,31235.983,32463.708,33545.999,34116.849,35220.049,36340.084,37673.05
Italy,21614.838,21913.853,22853.342,23864.802,24613.027,25479.5,26159.329,26971.725,28601.612,29752.447,30264.001,30805.385,31916.204,33004.025,34550.935,35855.532,35872,33924.616,34767.344,35544.006,35051.974,34804.562,35310.513,36025.502,36877.166,38140.338,39499.581
Jamaica,5709.309,5925.236,6110.993,6338.031,6408.58,6349.495,6278.962,6376.065,6511.594,6686.45,6778.27,7111.663,7352.393,7609.757,8028.838,8324.701,8385.31,8129.487,8074.874,8319.149,8385.507,8492.319,8647.014,8766.541,8962.864,9162.625,9462.729
Japan,21641.705,21970.645,22598.324,23641.77,24765.245,25399.76,25317.778,25592.204,26850.229,27508.46,27904.892,28843.273,30266.108,31754.903,33196.911,34640.992,34952.083,33346.998,35157.271,35775.296,37059.944,38477.817,39381.087,40392.158,41296.947,42831.523,44426.077
Jordan,4810.366,4953.679,5123.184,5391.417,5451.587,5572.736,5656.014,5792.686,6025.073,6329.417,6638.394,6875.746,7497.471,8180.229,8907.29,9679.322,10353.225,10763.958,10904.753,11169.296,11422.468,11675.585,11986.449,12135.159,12264.495,12494.367,12812.648
Kazakhstan,7196.32,6748.425,6444.521,6087.302,6307.941,6650.634,6697.771,7009.049,7890.101,9168.301,10210.511,11318.399,12641.584,14178.082,15990.803,17676.906,18139.772,18245.027,19530.312,21129.033,22277.896,23644.954,24734.035,24940.131,25167.387,26252.074,27292.575
Kenya,1679.843,1668.48,1696.589,1753.976,1806.269,1791.389,1810.899,1824.699,1822.301,1885.845,1872.244,1912.991,2001.362,2124.037,2255.113,2407.161,2393.886,2424.782,2605.348,2750.211,2842.337,2977.582,3104.124,3227.001,3364.085,3491.123,3663.695
Kiribati,1177.651,1201.109,1230.579,1237.484,1253.133,1277.894,1357.152,1330.871,1418.081,1404.082,1455.42,1486.948,1475.872,1569.988,1582.955,1622.804,1585.498,1576.041,1546.866,1582.804,1664.652,1740.622,1737.904,1912.051,1920.125,1975.809,2026.703
Korea. Republic of,9123.118,9878.791,10907.561,12078.583,13107.596,13989.766,13271.703,14892.397,16452.392,17454.406,18929.844,19770.878,21225.652,22719.95,24501.205,26393.701,27463.503,27724.786,29738.219,31228.513,32362.259,33683.619,35212.004,36394.545,37730.497,39433.779,41387.88
Kosovo,Nan,Nan,Nan,Nan,Nan,Nan,Nan,Nan,4882.972,5561.482,5464.018,5775.078,5739.674,6076.058,6385.453,6998.115,7364.543,7565.049,7787.754,8172.772,8531.198,8930.145,9065.975,9561.07,10070.938,10514.768,11018.536
Kuwait,41775.562,55451.926,49746.871,48207.564,46309.273,45679.949,46556.116,46748.441,50908.279,50100.746,50003.928,56863.252,59851.191,62601.099,65197.399,66421.793,68553.247,63392.279,60946.553,66853.458,71326.313,71150.102,70217.706,66956.425,68539.644,66162.892,66673.036
Kyrgyzstan,1821.6,1595.368,1300.877,1236.596,1329.554,1464.125,1488.061,1544.045,1649.125,1759.987,1770.599,1909.991,2074.747,2115.87,2223.538,2458.208,2666.304,2728.362,2718.906,2900.988,2893.838,3197.5,3317.809,3411.764,3516.978,3667.453,3799.744
Lao People's Democratic Republic,1315.945,1386.814,1491.512,1589.626,1690.258,1798.228,1863.841,1935.683,2071.777,2183.003,2327.855,2478.842,2684.421,2910.917,3222.595,3517.448,3812.097,4065.7,4382.251,4761.361,5153.34,5576.562,6022.036,6430.162,6870.625,7365.891,7932.04
Latvia,5981.301,5441.829,5769.019,6058.982,6394.502,7159.033,7785.493,8184.49,8888.257,9794.718,10800.306,12056.383,13555.348,15672.613,18252.094,20785.248,20599.95,18005.148,17856.418,19816.914,21302.133,22402.051,23487.334,24636.772,25725.311,27644.138,29489.859
Lebanon,6833.46,7281.881,7834.752,8352.462,8740.074,9726.736,10145.875,10080.539,10169.847,10413.889,10441.889,10318.941,10762.089,11032.074,11301.035,12501.636,13771.868,15052.896,16104.344,16429.811,17038.03,17769.597,18450.819,18802.992,19050.341,19439.126,19987.021
Lesotho,1044.184,1083.886,1132.746,1131.128,1218.213,1279,1307.739,1345.478,1439.948,1517.193,1560.836,1652.605,1734.395,1841.27,1993.755,2143.604,2300.863,2385.346,2559.883,2779.84,2962.686,3068.047,3207.695,3295.988,3424.917,3581.29,3713.128
Liberia,Nan,Nan,Nan,Nan,Nan,Nan,Nan,Nan,911.442,929.038,971.11,699.955,743.588,801.895,869.732,996.297,1063.567,1081.5,1116.959,1196.623,1287.722,1387.968,1386.565,1366.103,1329.048,1353.834,1395.913
Libya,21581.244,20796.886,21231.428,18587.555,19063.876,18959.194,18749.62,18824.024,19614.264,19407.681,19224.263,21832.684,23051.117,26236.097,28293.965,30411.36,31293.236,30178.089,31094.034,10792.046,23281.947,14986.552,7175.473,6246.305,5800.653,9986.274,11774.257
Lithuania,Nan,Nan,Nan,6786.098,7327.5,8130.604,8896.958,8994.281,9618.823,10566.501,11546.359,13123.836,14530.243,16422.144,18472.705,21318.629,22538.741,19561.612,20551.714,22751.693,24382.43,25903.814,27537.254,28670.64,30097.262,32298.859,34596.309
Luxembourg,41943.222,44115.336,46104,47516.046,48412.342,51501.63,54757.416,59529.387,65079.366,67331.58,70249.302,72126.925,75663.416,79479.889,84721.728,92837.294,91976.767,86893.605,90661.647,92969.886,92102.187,94823.716,99738.279,101255.172,103286.389,106373.783,110870.226
Macao SAR,Nan,Nan,Nan,Nan,Nan,Nan,Nan,Nan,Nan,34548.752,37852.422,42510.673,53457.011,56959.767,62749.822,70345.658,72661.224,75151.757,93528.228,115105.362,122619.678,132738.777,127475.934,99376.623,100069.644,111629.024,122489.836
Madagascar,1012.381,1026.428,1016.021,1022.262,1030.397,1052.879,1071.519,1103.774,1143.103,1201.604,1036.723,1126.58,1182.877,1242.146,1311.03,1392.033,1479.187,1380.564,1362.301,1371.649,1399.514,1414.17,1446.452,1466.417,1504.941,1551.23,1622.176
Malawi,462.762,516.634,470.019,539.362,592.3,626.505,622.679,637.037,640.456,614.456,611.594,645.024,683.742,714.413,749.67,820.311,875.64,929.012,976.87,1016.166,1024.884,1064.92,1113.747,1126.589,1134.198,1167.176,1200.889
Malaysia,8167.08,8938.46,9702.192,10594.045,11563.973,12306.793,11233.728,11800.564,12788.757,12805.365,13368.353,14086.428,15106.422,16014.814,17198.399,18582.231,19502.463,19020.946,20335.835,21498.393,22742.219,23630.682,25088.807,26228.1,27292.112,29040.835,30857.819
Maldives,3864.67,4059.662,4341.382,4670.24,5076.923,5582.531,6069.213,6475.585,6835.851,7079.025,7501.671,9442.183,10121.685,8916.567,11358.682,12364.957,13597.486,12581.435,13413.333,14599.384,14963.825,16017.018,17248.447,17532.79,18245.88,19150.662,20227.972
Mali,906.104,935.414,964.995,987.596,1050.463,1090.3,1104.31,1158.868,1151.233,1319.212,1340.202,1446.435,1462.693,1557.651,1626.26,1671.441,1727.306,1763.443,1822.973,1862.94,1826.137,1843.482,1944.647,2016.546,2091.337,2170.082,2255.868
Malta,13704.627,14438.341,15271.336,16515.704,17398.505,18407.975,19101.793,20010.74,20140.078,20587.543,21338.722,22162.264,22731.995,24190.079,25248.988,26906.907,28191.809,27502.817,28609.317,29518.584,30682.345,32246.964,34921.06,37884.798,39510.23,41944.784,44670.441
Marshall Islands,Nan,Nan,Nan,Nan,Nan,1871.485,1819.691,1927.812,2062.138,2193.796,2271.102,2301.427,2411.213,2488.772,2643.807,2653.157,2626.479,2827.887,2861.822,3008.397,3139.777,3154.612,3187.681,3271.649,3368.315,3439.314,3524.372
Mauritania,1914.994,2018.848,1943.546,2118.452,2219.098,2105.349,2126.005,2259.447,2235.609,2265.936,2249.881,2363.023,2496.073,2731.252,3453.081,3545.029,3556.263,3454.144,3571.155,3720.489,3910.994,4116.268,4321.299,4304.52,4328.063,4444.35,4564.191
Mauritius,5564.737,5916.095,6204.443,6548.859,6969.354,7398.628,7850.051,8074.977,8847.895,9266.914,9496.104,10191.018,10853.195,11298.001,12114.152,13109.165,14052.103,14551.824,15297.126,16194.268,16976.821,17761.957,18698.038,19536.691,20542.025,21640.308,22909.931
Mexico,9249.522,9572.871,10099.311,9514.586,10194.87,10928.044,11465.98,11815.566,12532.13,12612.59,12640.738,12916.659,13631.857,14234.015,15153.001,15712.867,15984.229,15044.316,15810.959,16522.058,17235.044,17549.427,18170.392,18765.494,19355.823,19902.778,20616.688
Micronesia. Fed. States of,Nan,Nan,Nan,2068.27,2036.9,1942.017,2011.543,2069.401,2213.755,2317.094,2372.679,2465.335,2461.312,2599.373,2689.795,2722.503,2727.745,2796.963,2939.345,3040.208,3052.627,3012.799,2989.906,3133.502,3267.896,3393.368,3516.03
Moldova,2632.664,2669.87,1882.019,1895.929,1822.867,1890.883,1789.135,1758.154,1840.582,2002.165,2197.418,2396.884,2649.279,2948.239,3192.075,3383.216,3725.359,3532.601,3832.941,4179.737,4225.566,4699.884,5017.017,5054.108,5340.372,5660.665,5998.519
Mongolia,2988.984,2935.812,3033.639,3245.581,3330.54,3473.599,3580.244,3697.252,3774.313,3981.929,4197.156,4539.135,5044.973,5482.574,6039.319,6649.083,7187.832,6960.617,7437.44,8802.431,9879.698,11043.065,11948.435,12182.689,12306.91,12978.557,13734.231
Montenegro,Nan,Nan,Nan,Nan,Nan,Nan,Nan,Nan,8032.322,8274.746,8561.412,8950.427,9601.204,10326.327,11558.98,12651.177,13803.58,13073.642,13565.794,14273.414,14129.013,14852.359,15373.754,16057.001,16730.724,17735.699,18681.658
Morocco,2805.053,2799.862,3107.84,2957.024,3335.872,3293.392,3520.939,3564.135,3664.651,3968.79,4100.433,4373.244,4647.799,4891.448,5354.354,5619.005,5992.612,6216.145,6451.802,6845.963,7095.036,7446.283,7691.937,8044.514,8160.183,8566.846,8936.463
Mozambique,237.293,254.607,266.033,268.482,336.623,369.385,407.177,434.545,440.085,493.597,530.172,559.854,603.028,658.301,720.426,772.423,818.48,852.858,895.501,951.825,1010.222,1069.333,1137.366,1192.149,1219.091,1243.616,1274.885
Myanmar,Nan,Nan,Nan,Nan,Nan,Nan,936.487,1041.583,1198.527,1352.584,1527.036,1761.807,2043.526,2380.878,2757.397,3149.707,3304.672,3476.143,3678.784,3932.897,4262.683,4655.783,5074.256,5442.823,5790.311,6243.879,6802.181
Namibia,4638.962,4521.927,4617.029,4769.165,4861.85,4992.852,5051.867,5140.446,5372.886,5621.016,5989.973,6218.309,6699.901,7112.401,7486.41,7959.059,8207.117,8171.348,8641.085,9131.519,9592.024,10103.662,10733.922,11284.401,11334.93,11311.646,11613.326
Nauru,Nan,Nan,Nan,Nan,Nan,Nan,Nan,Nan,Nan,Nan,Nan,Nan,3486.475,3622.524,4428.506,3357.157,4523.835,4870.518,5362.899,6047.768,6589.607,8617.484,10933.386,10795.776,11540.025,12001.506,12219.886
Nepal,851.366,880.766,947.977,976.545,1023.199,1071.67,1092.414,1136.493,1210.848,1285.365,1285.147,1341.499,1422.477,1499.72,1579.312,1659.113,1777.232,1853.337,1945.813,2031.087,2142.1,2239.403,2387.291,2464.388,2476.896,2678.934,2842.181
Netherlands,22728.642,23398.248,24454.939,25479.216,26745.551,28225.313,29642.17,31405.163,33243.532,34464.903,34806.466,35434.888,37017.771,38941.65,41484.982,44065.722,45519.874,43910.913,44839.456,46309.036,46491.077,47015.281,48363.713,49780.332,51248.52,53634.564,56435.583
New Zealand,14991.622,15892.559,17071.685,17895.761,18625.221,19307.781,19532.11,20595.847,21811.646,22544.934,23612.564,24742.721,26204.984,27427.868,28714.627,30382.873,30603.597,30566.636,31258.416,32311.411,33543.307,34443.213,35545.536,36681.155,37877.358,38933.786,40118.025
Nicaragua,Nan,Nan,2028.256,2149.458,2283.699,2371.619,2443.964,2613.009,2739.385,2842.949,2868.438,2959.809,3161.241,3358.639,3546.823,3776.229,3931.051,3781.763,3947.229,4231.498,4535.287,4779.772,5040.538,5282.696,5539.828,5848.513,6191.751
Niger,584.431,586.652,602.092,554.697,573.566,566.418,623.571,620.182,599.326,628.276,648.747,685.735,676.454,723.41,761.784,779.282,841.664,813.652,865.611,875.849,967.683,1003.992,1065.915,1086.475,1120.962,1164.094,1213.835
Nigeria,2061.36,2086.081,2078.724,2103.893,2169.378,2209.379,2227.762,2212.747,2324.006,2467.514,2794.368,3037.308,3354.369,3605.684,3860.182,4139.083,4403.024,4678.398,5127.717,5342.436,5521.829,5755.409,6061.677,6121.601,5936.219,5929.203,6026.571
Norway,31183.423,32639.399,34829.27,36850.008,39205.021,41787.729,43083.627,44296.787,46471.396,48322.002,49463.913,50628.954,53771.779,56557.658,59179.77,61908.814,62560.174,61257.153,61601.579,62656.082,64699.877,65673.218,67377.044,68795.863,69807.356,71830.876,74065.041
Oman,24833.671,26085.155,26813.293,27907.801,28534.27,30159.74,30711.26,30724.19,32900.556,34566.655,34141.795,33334.845,34096.823,35410.517,37707.557,39600.201,42761.9,44173.974,46828.05,45561.194,46137.686,44802.221,45316.188,47204,45847.751,45156.85,45723.484
Pakistan,2076.181,2115.122,2198.192,2299.794,2435.946,2460.159,2513.617,2598.123,2699.852,2741.078,2813.444,2931.839,3175.13,3503.451,3751.358,3992.454,4105.375,4064.583,4133.167,4282.089,4437.169,4582.177,4758.075,4907.834,5095.373,5358.346,5676.792
Palau,Nan,Nan,Nan,Nan,Nan,Nan,Nan,Nan,9153.553,9606.455,10310.572,9783.438,10691.278,11047.619,11191.544,11701.948,11455.225,10686.248,11353.455,12410.522,13503.304,13370.786,14299.135,16041.135,15968.153,15934.3,16296.333
Panama,6113.081,6463.244,6649.739,6767.301,7248.595,7690.792,8176.792,8453.502,8704.215,8775.392,8930.795,9310.374,10090.317,10955.99,12032.122,13600.347,14798.903,14890.29,15670.454,17584.802,19234.065,20498.277,21772.306,22916.618,23994.77,25351.3,26979.945
Papua New Guinea,1731.579,2042.877,2153.664,2067.15,2185.849,2029.338,2093.707,2111.945,2056.018,2051.486,2074.219,2156.26,2175.979,2279.898,2348.48,2617.228,2600.356,2735.51,2891.915,2830.265,2860.736,2953.86,3312.547,3540.158,3596.536,3674.949,3789.491
Paraguay,4067.484,4282.412,4514.019,4824.115,4889.677,5080.706,5036.544,4942.892,4839.601,4816.984,4801.079,5017.929,5272.212,5463.796,5804.435,6179.607,6594.318,6280.588,7078.249,7422.695,7352.803,8392.986,8815.095,9040.833,9386.969,9825.866,10350.06
Peru,3494.657,3758.493,4245.241,4584.007,4725.24,5039.493,4996.881,5070.728,5244.748,5315.125,5604.434,5863.555,6227.232,6727.303,7342.428,8011.591,8779.832,8802.894,9516.307,10263.361,10953.916,11631.779,11997.027,12389.733,12918.409,13333.874,13993.598
Philippines,2652.425,2709.314,2822.7,2947.163,3022.204,3161.667,3100.38,3176.144,3390.383,3496.726,3602.386,3781.473,4062.343,4305.771,4578.926,4913.499,5175.344,5182.968,5550.356,5773.739,6122.298,6545.993,6953.292,7331.765,7810.234,8314.648,8893.126
Poland,6540.51,6962.304,7467.475,8136.15,8794.963,9572.045,10152.506,10772.284,11607.883,12018.464,12382.919,13087.865,14148.734,15120.805,16555.833,18207.111,19358.189,20044.644,21083.866,22575.117,23359.984,24068.43,25334.514,26602.346,27741.496,29521.251,31430.02
Portugal,14446.109,14674.459,15185.611,15817.281,16606.698,17559.968,18507.329,19411.141,20460.354,21183.453,21555.652,21698.446,22644.686,23508.947,24563.204,25794.478,26314.946,25700.798,26496.474,26588.373,26093.169,26359.035,27218.065,28130.789,29042.485,30416.504,31964.556
Puerto Rico,16069.928,17094.505,18054.767,19121.361,19761.099,20904.517,22314.005,23442.621,24575.554,27456.545,28446.439,29674.291,31089.803,31497.794,32143.835,32807.168,33026.998,32806.524,33237.925,34195.614,35259.846,36130.974,36939.885,37570.148,37740.908,37338.653,38350.953
Qatar,52007.606,52284.43,53814.209,55575.746,57760.727,73926.915,79959.948,81437.883,86713.375,89418.517,94540.29,95393.316,107098.065,104243.625,115048.441,117000.169,104115.517,111364.316,127226.395,145723.752,146872.236,142543.433,136409.775,129805.273,125159.804,124529.051,128702.788
Romania,6177.288,6456.216,6894.945,7586.205,8074.536,7756.852,7500.851,7563.911,7970.053,8617.829,9462.871,10263.519,11483.732,12427.796,13923.216,15366.231,17368.666,16623.468,16470.799,17233.207,17859.129,18859.668,19855.197,20949.529,22369.287,24508.415,26498.82
Russian Federation,11481.997,10724.254,9562.799,9369.749,9209.851,9516.608,9129.604,9889.014,11169.845,12053.936,12874.573,14156.01,15647.383,17231.533,19248.724,21473.444,23054.441,21411.274,22639.285,24258.59,25591.511,26440.434,27072.469,26658.328,26930.043,27834.093,28957.622
Rwanda,641.503,627.146,401.57,540.656,621.369,693.633,696.118,658.963,666.703,692.085,762.239,774.487,842.115,937.578,1035.941,1119.677,1228.96,1288.684,1357.903,1465.225,1577.342,1640.515,1754.084,1883.929,1973.277,2079.877,2225.195
Saint Kitts and Nevis,10331.072,11023.057,11718.474,12225.473,13029.88,14063.882,14198.297,14801.634,16768.093,17876.239,18221.21,17303.219,18015.692,19825.811,20265.977,20851.024,22237.664,21921.103,21291.057,21283.331,21245.493,22728.629,24035.634,25184.88,26001.393,26845.48,28075.615
Saint Lucia,7281.297,7449.006,7588.785,7725.771,7967.815,7920.87,8383.194,8643.369,8713.596,8512.843,8605.585,9072.116,9885.652,10049.421,10866.719,11135.219,11855.266,12497.506,12366.619,12580.349,12702.597,12822.064,13399.837,13333.51,13871.26,14449.773,15053.992
Saint Vincent and the Grenadines,4273.556,4533.284,4576.893,4991.126,5137.294,5421.971,5726.539,5938.038,6184.253,6431.779,6899.539,7520.251,8047.347,8519.699,9270.73,9766.035,9893.376,9759.387,9638.747,9852.174,10153.848,10564.195,10770.839,10970.58,11189.937,11490.814,11983.044
Samoa,Nan,Nan,Nan,Nan,Nan,Nan,2895.238,2907.833,3110.158,3397.52,3623.683,3864.955,4068.216,4449.32,4653.684,4769.341,5001.803,4700.98,4630.459,4949.659,5022.059,4963.598,5072.355,5171.668,5552.169,5739.674,5962.84
San Marino,Nan,Nan,Nan,Nan,Nan,Nan,Nan,Nan,Nan,Nan,Nan,Nan,Nan,Nan,Nan,Nan,78519.163,68704.007,65840.917,60552.71,56661.904,55795.753,55940.328,56433.882,57964.812,59466.319,61169.212
Saudi Arabia,33411.699,33098.435,33177.314,33127.827,33792.546,33917.88,34432.658,32837.862,34624.335,34146.424,32885.905,36416.301,39421.878,41548.279,42573.23,43050.971,45109.245,43056.798,44163.134,48288.074,50383.676,51166.913,52639.142,54956.241,55291.984,54777.376,55859.253
Senegal,1229.103,1237.351,1227.844,1285.282,1301.232,1331.845,1392.125,1467.681,1511.778,1577.102,1571.126,1665.632,1764.784,1873.312,1926.27,2019.818,2077.468,2084.701,2137.95,2158.248,2229.35,2276.913,2342.19,2448.102,2571.881,2726.6,2900.625
Serbia,Nan,Nan,Nan,Nan,Nan,5992.763,6229.009,5576.295,6165.361,6632.1,7216.358,7705.207,8653.482,9455.118,10263.888,11202.834,12086.953,11846.666,12110.079,12628.403,12792.367,13398.265,13454.236,13773.477,14414.707,14999.998,15941.517
Seychelles,10007.544,10767.176,10446.196,10559.392,11654.84,13144.718,13351.522,13541.02,14309.837,14291.051,14416.398,13828.525,13854.997,15517.712,17137.432,19327.358,18858.196,18717.411,19519.786,21553.492,22536.052,23833.859,24969.478,25988.13,27308.307,28778.77,30083.698
Sierra Leone,973.702,1002.988,1066.064,981.214,750.152,625.375,619.967,567.467,586.006,682.603,838.51,892.402,935.215,970.538,1009.229,1088.967,1142.159,1160.55,1209.414,1282.278,1470.171,1763.266,1818.474,1430.049,1506.356,1552.94,1608.479
Singapore,25279.669,28145.933,30900.922,32752.177,34433.51,36674.643,35036.914,37440.969,40983.94,40413.858,42374.029,45806.328,50918.903,55180.805,60008.139,64475.295,63447.429,61655.684,70657.262,75113.205,77690.832,81647.562,85227.123,87043.136,89103.179,93905.495,98014.437
Slovak Republic,Nan,8163.45,8804.965,9642.248,10477.958,11191.796,11748.101,11890.772,12296.487,13041.806,13840.517,14892.679,16115.923,17754.774,19846.295,22573.71,24299.26,23128.862,24555.275,25758.941,26609.6,27409.348,28641.587,30036.92,31403.092,33025.2,35094.827
Slovenia,11084.957,11725.044,12609.255,13398.202,14128.52,15130.274,15813.421,16958.559,17979.505,18909.432,19896.955,20859.933,22350.598,23979.263,26038.84,28487.512,30006.558,27573.904,28054.511,28774.404,28448.57,28534.527,29879.201,30858.684,32215.743,34407.06,36566.127
Solomon Islands,1211.056,1253.355,1345.045,1469.603,1478.522,1449.209,1443.452,1419.068,1210.916,1109.843,1066.739,1129.24,1222.665,1389.375,1453.813,1551.063,1655.549,1553.831,1643.267,1857.746,1936.399,1982.32,2016.913,2045.61,2097.182,2156.611,2223.851
South Africa,6234.93,6306.069,6492.343,6689.71,6973.42,7156.85,7160.567,7335.23,7700.571,7968.047,8327.445,8642.343,9173.872,9847.038,10584.297,11301.871,11735.321,11486.334,11815.646,12280.759,12600.328,12929.52,13203.77,13310.815,13344.807,13544.603,13840.194
South Sudan,Nan,Nan,Nan,Nan,Nan,Nan,Nan,Nan,Nan,Nan,Nan,Nan,Nan,Nan,Nan,Nan,Nan,Nan,Nan,3373.947,1578.766,2008.099,2039.306,1997.035,1693.043,1489.082,1420.765
Spain,16613.024,16732.705,17440.819,18495.154,19244.163,20276.72,21337.922,22575.918,24053.29,25452.952,26165.966,27034.104,28213.867,29649.997,31335.843,32736.078,33202.861,31992.01,32251.848,32467.682,32076.998,32158.117,33285.693,34835.174,36443.591,38285.966,40289.686
Sri Lanka,2574.651,2796.154,3040.394,3256.951,3675.074,4073.304,3997.125,4112.546,4496.217,4445.318,4614.027,4927.316,5280.263,5738.579,6318.889,6873.99,7309.353,7539.839,8164.391,8949.315,10164.363,10598.802,11219.561,11798.38,12343.365,12810.95,13478.171
Sudan,1669.494,1762.448,1784.421,1943.663,2056.442,2172.77,2329.495,2416.657,2618.589,2894.86,3037.752,3204.962,3374.491,3593.65,3846.006,4068.986,4199.219,4015.28,4166.534,5030.408,4265.836,4292.309,4373.632,4417.714,4495.853,4586.001,4724.514
Suriname,6123.564,6041.196,5670.111,6348.005,7102.639,7616.889,7775.435,7709.218,7782.85,8228.89,8564.705,9184.225,9945.559,10647.018,11475.528,12242.877,12822.932,13130.085,13791.802,14658.366,15282.087,15734.654,15812.004,15334.283,14538.699,14606.49,14947.922
Swaziland,4009.79,4123.698,4248.104,4421.963,4568.052,4682.231,4748.323,4868.646,5032.921,5168.606,5397.586,5718.432,6056.003,6536.519,6999.807,7387.449,7658.081,7977.977,8268.12,8502.577,8853.303,9317.296,9712.183,9807.668,9814.283,9884.384,9893.837
Sweden,20362.837,20314.87,21420.743,22693.138,23439.469,24523.625,25817.992,27378.635,29256.993,30301.764,31293.72,32552.179,34754.117,36735.029,39353.977,41459.844,41704.216,39482.557,42021.508,43719.27,44057.795,44906.866,46410.178,48518.826,49995.935,51474.797,53077.74
Switzerland,30979.438,31378.981,32186.887,32800.025,33383.479,34643.767,35970.035,36997.331,39149.681,40362.878,40730.207,41238.506,43194.057,45679.91,48707.687,51702.426,53230.459,51708.128,53263.649,54769.583,55728.535,57098.725,58808.84,59423.861,60365.207,61421.82,63379.625
Syrian Arab Republic,3569.229,3817.15,4005.584,4201.78,4298.574,4222.863,4400.157,4223.439,4306.206,4445.309,4648.813,4512.034,4806.249,5101.192,5389.45,5705.194,5930.282,6175.293,6374.903,Nan,Nan,Nan,Nan,Nan,Nan,Nan,Nan
São Tomé and Príncipe,1495.632,1530.042,1567.288,1601.793,1624.983,1638.795,1667.298,1704.141,1719.908,1683.208,1716.495,1828.179,1906.497,2056.04,2251.228,2259.406,2417.44,2460.599,2529.09,2631.218,2726.9,2816.846,2911.91,2986.159,3073.988,3179.696,3337.998
Taiwan Province of China,12220.986,13240.085,14410.007,15535.18,16664.475,17806.136,18598.392,20001.991,21590.452,21678.848,23119.834,24461.511,26669.631,28914.976,31333.38,34141.325,34936.458,34526.287,38592.764,40777.485,42220.435,43738.927,46195.219,46955.808,48127.828,50293.541,52304.837
Tajikistan,1311.38,1185.626,946.075,836.028,804.503,819.725,855.479,873.042,947.94,1047.406,1136.902,1252.157,1393.503,1503.679,1624.686,1760.163,1894.952,1942.759,2070.449,2216.002,2376.185,2539.898,2701.969,2835.595,3006.784,3211.983,3346.091
United Republic of Tanzania,999.358,1004.555,1011.802,1039.64,1076.394,1103.187,1126.466,1168.703,1223.291,1294.249,1371.717,1444.066,1545.121,1650.416,1732.095,1877.74,1969.126,2038.4,2140.786,2301.353,2406.729,2571.785,2745.379,2909.94,3087.368,3240.401,3456.982
Thailand,5198.516,5753.306,6269.984,6842.188,7286.496,7135.999,6597.51,6939.999,7357.921,7712.263,8236.189,8925.376,9664.155,10305.165,11067.998,11896.243,12257.552,12188.386,13187.949,13513.547,14690.311,15252.061,15596.542,16198.967,16909.051,17855.758,18943.765
Timor-Leste,Nan,Nan,Nan,Nan,Nan,Nan,Nan,Nan,1998.641,2140.06,1993.622,1988.172,3131.474,4312.364,6173.89,6525.146,7151.203,6694.272,6623.762,7416.533,7751.974,6841.681,5024.739,5998.637,5986.386,5444.117,5097.941
Togo,1011.619,850.012,967.846,1152.861,1095.415,1119.154,1068.64,1076.487,1057.856,1061.502,1091.397,1160.546,1154.438,1110.818,1149.393,1075.217,1110.404,1149.334,1201.595,1270.419,1342.27,1409.613,1480.769,1542.689,1601.129,1659.246,1735.73
Tonga,2652.413,2700.3,2820.021,2997.977,3051.543,2980.963,3096.861,3200.169,3293.668,3461.117,3579.242,3670.819,3800.828,3921.639,3925.534,3992.139,4169.802,4314.781,4495.155,4660.148,4681.097,4716.592,4928.208,5147.262,5359.218,5608.473,5903.279
Trinidad and Tobago,8326.187,8420.14,8864.005,9358.569,10181.957,11114.939,12130.448,13280.949,14483.8,15378.097,16781.459,19492.998,21512.742,23467.197,27252.592,29170.984,30609.131,29347.745,30543.713,30926.725,31742.276,32410.375,32757.135,33476.322,31770.021,31367.027,32010.537
Tunisia,4064.99,4223.837,4361.595,4483.827,4807.879,5099.702,5342.239,5675.808,5993.297,6361.838,6503.078,6930.938,7475.565,7947.422,8570.283,9259.665,9763.25,10036.154,10315.344,10203.806,10694.316,11020.112,11354.936,11486.957,11448.029,11755.346,12186.464
Turkey,7633.06,8307.985,7895.903,8507.253,9129.709,9837.341,10106.841,9772.912,10508.872,9972.917,10647.522,11334.808,12615.21,14018.982,15284.106,16280.205,16521.99,15635.987,16899.765,18908.74,19938.485,21682.547,22904.943,24236.364,24986.335,26892.871,28346.645
Turkmenistan,2975.192,2713.968,2234.242,2069.869,1929.719,1713.543,1823.254,2130.337,2553.941,3109.996,3617.184,4275.527,4986.147,5755.251,6508.977,7334.517,8477.762,8954.197,9739.65,11212.539,12455.243,13686.873,15092.848,15951.901,16922.498,18125.68,19479.946
Tuvalu,Nan,Nan,Nan,Nan,Nan,Nan,Nan,Nan,Nan,Nan,2609.032,2545.561,2538.932,2480.667,2597.273,2799.472,3042.29,2893.708,2802.36,3046.547,2945.634,3097.297,3182.972,3498.014,3635.982,3806.546,4013.613
Uganda,679.993,718.271,764.824,826.082,867.773,894.618,930.249,987.606,1015.883,1094.657,1151.513,1203.421,1264.278,1388.842,1481.687,1588.544,1727.79,1819.513,1919.804,2025.656,2043.671,2112.155,2185.027,2267.219,2280.817,2353.701,2458.179
Ukraine,6136.614,5368.863,4269.102,3861.047,3577.554,3553.328,3557.193,3635.86,3975.704,4480.447,4834.009,5442.968,6297.662,6750.262,7530.139,8415.153,8816.413,7568.509,7712.059,8327.929,8516.684,8676.155,8733.021,7996.551,8330.688,8712.979,9214.637
United Arab Emirates,71991.444,71136.127,72857.506,73319.766,77614.673,81145.155,75264.694,74081.145,86187.514,84407.718,83054.675,86933.01,92412.948,91623.718,84967.365,72575.849,58833.366,55314.694,56457.702,59502.3,61836.651,64537.25,65877.277,67127.469,68092.338,67740.856,68662.385
United Kingdom,18292.107,19157.573,20272.481,21146.817,22026.659,23248.541,24171.481,25240.6,26669.007,27863.35,28862.934,30279.324,31681.33,33454.678,35089.064,36575.873,36813.946,35290.676,36038.362,37007.018,37994.885,39154.405,40762.268,41838.62,42838.7,44117.732,45565.894
United States,25466.828,26441.648,27755.764,28762.676,30047.314,31553.622,32929.038,34601.722,36432.514,37241.347,38113.892,39591.865,41838.455,44218.306,46351.667,47954.532,48302.283,46909.422,48311.375,49736.434,51404.003,52737.09,54657.119,56411.37,57558.949,59501.114,62152.073
Uruguay,7599.061,7938.957,8616.748,8615.272,9204.661,9722.548,10167.766,9946.648,9951.933,9819.649,9280.695,9710.063,10430.553,11461.33,12276.998,13425.002,14652.037,15321.345,16627.07,17763.024,18654.703,19756.115,20680.677,20901.548,21394.635,22371.315,23571.27
Uzbekistan,1788.383,1748.476,1660.174,1649.395,1675.506,1737.481,1804.338,1883.367,2004.697,2112.309,2205.553,2318.057,2530.042,2763.973,3020.217,3348.828,3671.743,3946.193,4277.14,4655.473,4853.669,5244.048,5668.782,6076.027,6519.177,6928.907,7350.746
Vanuatu,1569.452,1587.69,1690.649,1699.08,1725.51,1794.515,1788.808,1776.719,1881.789,1817.73,1710.589,1777.879,1856.904,1972.949,2156.129,2275.672,2414.409,2460.175,2470.543,2494.999,2527.413,2559.927,2605.983,2579.207,2641.908,2739.401,2842.725
Venezuela,11213.78,11253.405,10976.202,11397.346,11338.493,12019.655,11946.869,11181.868,11468.311,11927.95,10859.376,10053.466,12026.076,13480.422,15031.449,16527.139,17474.237,16790.08,16496.56,17285.972,18327.987,18607.459,17950.629,16786.262,14016.041,12113.542,10399.12
Vietnam,1115.732,1213.375,1326.197,1458.899,1598.492,1731.177,1822.651,1910.016,2058.153,2220.162,2382.317,2570.412,2807.507,3102.93,3383.703,3681.311,3924.097,4123.419,4395.523,4716.975,5000.761,5300.323,5657.254,6035.019,6423.151,6913.126,7462.597
Yemen,2371.603,2405.918,2505.22,2592.546,2661.339,2753.765,2859.134,2921.2,3075.705,3164.983,3237.114,3319.674,3437.1,3630.808,3745.397,3854.434,3951.41,4011.508,4245.897,3672.368,3717.976,3844.905,3792.745,2339.528,1510.425,1287.483,1274.234
Zambia,1670.843,1661.099,1427.214,1460.964,1538.895,1581.34,1549.485,1602.438,1658.372,1740.955,1801.068,1915.384,2052.565,2211.91,2392.916,2587.182,2761.495,2950.603,3197.413,3342.46,3554.649,3678.706,3802.188,3835.838,3907.712,3996.14,4124.203
Zimbabwe,Nan,Nan,Nan,Nan,Nan,Nan,2184.591,2199.375,2159.961,2204.818,2071.702,1768.922,1690.527,1601.903,1568.543,1551.644,1315.103,1410.294,1633.342,1920.745,2119.94,2205.485,2248.861,2247.364,2233.28,2282.651,2330.155
Africa (Region),2358.874,2357.797,2393.15,2443.189,2548.243,2609.257,2667.279,2725.395,2822.678,2935.517,3053.607,3189.495,3382.673,3610.923,3846.328,4097.135,4297.858,4359.03,4554.725,4600.508,4773.956,4885.882,5013.243,5111.931,5160.516,5289.319,5479.49
Asia and Pacific,2923.395,3093.831,3275.863,3504.745,3742.044,3926.12,3916.657,4097.207,4369.206,4572.122,4792.751,5120.992,5558.781,6082.063,6676.856,7356.171,7778.967,8058.753,8744.319,9386.457,9993.879,10640.304,11315.191,11953.427,12601.607,13416.636,14333.277
Australia and New Zealand,18946.681,19982.196,21228.758,22042.503,23082.626,24252.851,25293.162,26528.858,27710.343,28696.989,30015.511,31121.22,32952.079,34549.54,36067.828,37956.767,38822.847,39091.525,39958.796,41266.859,42888.675,43837.349,45124.909,46132.594,47268.255,48468.578,50206.002
Caribbean,3839.783,3975.465,4026.461,4244.76,4455.074,4713.255,4923.852,5172.71,5425.165,5580.072,5799.41,5980.52,6236.273,6758.13,7428.737,7932.451,8170.758,8054.872,8400.984,8660.962,8903.427,9221.937,9697.962,10119.841,10467.198,10824.264,11378.488
Central America,3846.086,4062.1,3891.603,4058.477,4182.649,4369.666,4549.447,4688.558,4880.566,5004.713,5143.42,5325.999,5609.58,5941.955,6382.065,6899.864,7214.132,7104.653,7346.977,7783.758,8177.603,8492.759,8856.032,9189.563,9522.584,9908.03,10370.444
Central Asia and the Caucasus,5518.41,5680.729,5193.904,5415.96,5759.207,6164.68,6337.271,6270.877,6804.34,6768.3,6393.044,6856.849,7593.495,8483.015,9387.901,10208.917,10532.078,10304.874,11080.936,12169.175,12770.276,13769.249,14505.962,15146.47,15389.571,16363.051,17200.992
East Asia,3614.02,3840.79,4117.103,4426.832,4738.024,5008.306,5127.119,5391.91,5803.939,6139.742,6515.949,6991.439,7619.888,8372.247,9271.465,10340.254,11068.386,11543.195,12643.789,13684.213,14674.111,15729.525,16805.971,17800.965,18852.689,20156.398,21596.627
Eastern Europe ,8859.073,8409.473,7811.22,8018.1,8035.465,8290.49,8275.501,8756.438,9644.41,10359.955,11032.816,12015.897,13258.128,14508.526,16123.517,17865.984,19130.94,18067.688,18906.416,20177.031,21031.773,21727.702,22546.358,22684.436,23280.913,24393.392,25668.605
Europe,15346.613,15290.082,15570.073,16046.494,16457.476,17073.797,17598.359,18440.695,19724.507,20725.412,21444.113,22356.823,23727.965,25156.285,26995.787,28808.275,29746.343,28446.828,29434.364,30688.95,31306.348,31953.62,33055.247,33774.992,34696.761,36128.877,37780.623
Middle East (Region),13006.899,13287.696,13461.926,13726.989,14249.581,14508.813,14743.153,14574.174,15594.378,15682.375,16063.561,15749.519,17285.11,18276.209,19359.037,20241.31,20843.476,20530.804,21400.981,24488.371,24955.244,25524.2,25888.906,26060.255,27171.68,27385.009,28192.003
North Africa,5348.041,5367.469,5536.63,5576.678,5863.382,6027.748,6328.256,6571.746,6864.172,7127.456,7351.384,7793.934,8219.449,8799.789,9397.924,10017.482,10534.4,10720.89,11098.193,10586.089,11315.563,11284.445,11316.776,11611.336,11955.429,12330.916,12938.518
North America,21160.632,21959.359,23062.691,23665.849,24735.905,26024.398,27168.578,28505.409,30058.158,30708.436,31379,32506.866,34314.181,36197.269,37978.224,39289.908,39622.147,38325.98,39524.047,40757.484,42108.173,43151.055,44688.183,46032.074,46980.566,48516.467,50570.264
Pacific Islands ,2024.571,2280.215,2405.235,2368.33,2489.956,2355.6,2423.602,2487.48,2436.138,2449.439,2487.554,2568.646,2640.431,2744.324,2832.611,3049.23,3063.389,3139.863,3275.068,3262.976,3296.29,3406.721,3739.358,3952.341,4012.576,4117.113,4257.505
South America,6826.643,7197.458,7596.273,7898.956,8075.419,8480.354,8550.444,8441.779,8771.184,8920.741,8935.182,9173.227,9975.261,10686.2,11493.295,12436.556,13155.404,12964.183,13813.684,14630.743,15117.898,15709.61,15902.541,15715.035,15336.944,15551.909,15992.219
South Asia,1321.581,1381.859,1468.611,1571.097,1683.84,1746.359,1825.584,1954.907,2044,2142.238,2220.512,2389.212,2599.303,2876.487,3171.282,3494.937,3651.26,3884.205,4225.658,4521.585,4789.416,5088.185,5464.24,5861.3,6252.338,6690.827,7229.127
Southeast Asia,3508.873,3803.738,4107.955,4446.69,4768.512,4962.44,4217.682,4360.593,4666.017,4854.624,5110.126,5436.849,5861.946,6316.951,6814.149,7361.999,7787.897,7918.625,8496.255,8965.442,9550.365,10071.348,10593.067,11086.086,11630.248,12315.271,13102.397
Sub-Saharan Africa (Region) ,1674.188,1674.604,1684.353,1740.123,1809.604,1853.799,1879.948,1904.732,1968.688,2057.904,2161.803,2246.59,2401.006,2567.06,2739.77,2928.827,3075.297,3120.238,3287.957,3452.747,3527.843,3672.376,3825.514,3893.077,3899.223,3974.294,4096.005
Western Europe,20628.473,20987.887,21959.509,22912.232,23705.061,24764.825,25714.806,26821.428,28390.543,29561.47,30224.307,30993.961,32395.91,33884.362,35833.977,37629.69,38227.771,36689.337,37746.87,38936.093,39330.512,39906.387,41128.238,42247.591,43366.313,45001.507,46891.823
Western Hemisphere (Region),14095.189,14664.995,15313.566,15746.42,16338.553,17168.044,17778.437,18409.688,19331.536,19712.578,20051.724,20715.734,21965.732,23225,24483.008,25563.415,26042.091,25287.447,26246.888,27220.439,28108.366,28883.716,29743.312,30339.965,30656.735,31519.6,32749.095
ASEAN-5,3384.964,3667.782,3958.469,4291.562,4606.552,4784.88,4354.721,4484.114,4786.76,4982.469,5235.861,5558.881,5963.036,6396.383,6860.26,7382.544,7834.35,7973.743,8515.819,8965.524,9559.262,10068.23,10583.096,11081.951,11640.253,12329.516,13121.962
Advanced economies,21249.946,21765.021,22820.062,23642.325,24650.869,25786.77,26615.175,27819.036,29426.812,30376.012,31172.747,32238.676,33978.478,35813.021,37778.829,39547.51,40101.989,38793.394,40236.066,41538.544,42591.325,43648.63,45131.905,46410.288,47532.601,49298.756,51418.199
Commonwealth of Independent States,8332.566,7695.013,6685.031,6458.906,6344.661,6546.393,6369.65,6822.977,7647.252,8308.888,8898.182,9794.932,10879.453,11997.093,13445.96,15026.117,16088.99,15095.911,15944.704,17073.495,17871.306,18523.311,19111.136,18836.468,19069.38,19761.419,20591.135
Emerging and Developing Asia,1579.24,1733.05,1904.129,2084.967,2266.128,2408.704,2430.946,2592.477,2785.876,2982.575,3190.406,3483.061,3836.544,4278.082,4800.998,5420.271,5864.041,6283.81,6903.316,7519.298,8112.096,8725.615,9393.514,10043.941,10722.469,11516.079,12426.069
Emerging and Developing Europe,7143.434,7532.952,7642.039,8241.471,8618.933,8986.332,9309.02,9380.042,10018.685,10150.903,10772.096,11476.927,12604.015,13757.582,15044.585,16238.007,17041.086,16596.525,17423.425,18877.893,19622.897,20799.365,21891.679,23072.657,24018.661,25739.923,27314.255
Emerging market and developing economies,3173.916,3275.946,3368.085,3505.666,3682.646,3859.198,3886.81,4016.03,4280.478,4469.476,4660.326,4991.581,5449.066,5943.336,6521.62,7155.708,7602.324,7742.018,8300.835,8883.8,9377.86,9876.973,10378.167,10786.146,11234.337,11811.476,12510.623
European Union,17716.759,17898.206,18769.136,19442.916,20174.488,21084.673,21906.795,22862.013,24253.411,25331.281,26034.792,26852.444,28201.438,29639.98,31519.212,33283.251,34033.38,32721.643,33709.202,34920.779,35347.738,35950.227,37163.342,38327.958,39485.628,41174.82,43074.188
Latin America and the Caribbean,7013.549,7353.821,7689.664,7797.705,8072.348,8519.678,8695.372,8709.156,9100.844,9231.996,9265.231,9502.712,10224.188,10875.494,11670.118,12485.86,13064.617,12733.323,13498.609,14240.839,14753.712,15255.814,15556.824,15588.887,15487.075,15785.4,16284.764
Major advanced economies (G7),22900.266,23532.984,24604.657,25586.045,26610.065,27756.215,28671.483,29850.13,31482.503,32406.97,33123.533,34216.389,35948.408,37806.122,39723.5,41355.28,41811.302,40328.443,41748.1,43064.078,44255.912,45361.343,46832.101,48088.595,49129.111,50848.593,52975.128
Middle East and North Africa,8237.451,8373.932,8518.228,8694.29,9059.279,9259.553,9515.884,9553.071,10138.642,10331.1,10632.262,11072.157,12027.471,12785.388,13606.557,14321.454,14865.794,14760.932,15347.413,16628.388,17046.724,17291.075,17517.86,17702.834,18396.722,18604.279,19239.116
Middle East. North Africa. Afghanistan. and Pakistan,6381.488,6484.141,6608.152,6749.273,7039.235,7180.449,7369.917,7416.674,7851.388,7987.752,7882.735,8340.792,9051.68,9661.378,10293.442,10859.303,11232.984,11159.296,11576.176,12272.036,12617.371,12830.115,13051.569,13219.19,13692.738,13924.84,14445.417
Other advanced economies,15756.597,16614.925,17815.247,18553.835,19597.697,20664.585,20893.697,22205.511,23822.839,24702.583,25884.047,26950.88,28923.248,30868.054,33059.374,35338.826,36261.62,35852.26,38098.22,39852.445,41111.037,42460.825,44137.056,45204.339,46463.142,48254.901,50297.774
Sub-Saharan Africa,1672.692,1667.618,1677.092,1727.345,1794.605,1835.852,1855.842,1877.103,1934.752,2014.891,2117.449,2198.143,2352,2515.286,2681.905,2869.784,3017.629,3074.681,3243.51,3390.415,3496.695,3645.724,3801.513,3870.205,3872.996,3947.052,4067.862
