adm0_name,mkt_name,cm_name,mp_price,date,um_name,Gradient
Philippines,Catarman,Rice (paddy),20838.82555917624,2008-2,KG,178.96925918521447
Philippines,Catarman,Rice (paddy),18534.887825361464,2008-3,KG,-2303.937733814775
Philippines,Catarman,Rice (paddy),15544.568120254995,2008-4,KG,-2990.319705106469
Philippines,Catarman,Rice (paddy),16027.753578596892,2008-5,KG,483.1854583418972
Philippines,Catarman,Rice (paddy),16078.215146579463,2008-6,KG,50.46156798257107
Philippines,Catarman,Rice (paddy),16043.912820165613,2008-7,KG,-34.302326413850096
Philippines,Catarman,Rice (paddy),17679.606629449383,2008-8,KG,1635.69380928377
Philippines,Catarman,Rice (paddy),17358.854889484945,2008-9,KG,-320.75173996443846
Philippines,Catarman,Rice (paddy),17464.484661194976,2008-10,KG,105.62977171003149
Philippines,Catarman,Rice (paddy),18215.735434574974,2008-11,KG,751.2507733799976
Philippines,Catarman,Rice (paddy),17734.722903007554,2008-12,KG,-481.0125315674195
Philippines,Catarman,Rice (paddy),17529.724278023208,2009-1,KG,-204.99862498434595
Philippines,Catarman,Rice (paddy),18347.658377589705,2009-2,KG,817.934099566497
Philippines,Catarman,Rice (paddy),17837.614823256125,2009-3,KG,-510.0435543335807
Philippines,Catarman,Rice (paddy),19771.52927982056,2009-4,KG,1933.9144565644347
Philippines,Catarman,Rice (paddy),17499.751834902345,2009-5,KG,-2271.7774449182143
Philippines,Catarman,Rice (paddy),17790.588209287806,2009-6,KG,290.83637438546066
Philippines,Catarman,Rice (paddy),17565.40195669551,2009-7,KG,-225.1862525922952
Philippines,Catarman,Rice (paddy),17657.515000292988,2009-8,KG,92.11304359747737
Philippines,Catarman,Rice (paddy),17544.308962367377,2009-9,KG,-113.20603792561087
Philippines,Catarman,Rice (paddy),17216.24803986674,2009-10,KG,-328.0609225006374
Philippines,Catarman,Rice (paddy),16798.61259392275,2009-11,KG,-417.6354459439899
Philippines,Catarman,Rice (paddy),15903.920213194244,2009-12,KG,-894.6923807285057
Philippines,Catarman,Rice (paddy),16699.175676108658,2010-1,KG,795.2554629144161
Philippines,Catarman,Rice (paddy),17494.431139023076,2010-2,KG,795.2554629144161
Philippines,Catarman,Rice (paddy),17225.318787613956,2010-3,KG,-269.1123514091196
Philippines,Catarman,Rice (paddy),17790.160787417015,2010-4,KG,564.8419998030586
Philippines,Catarman,Rice (paddy),17760.997112023102,2010-5,KG,-29.163675393912854
Philippines,Davao City,Rice (paddy),20373.943902666968,2008-2,KG,-448.9092912095912
Philippines,Davao City,Rice (paddy),16386.946105001076,2008-3,KG,-3986.997797665892
Philippines,Davao City,Rice (paddy),14492.288374848997,2008-4,KG,-1894.6577301520792
Philippines,Davao City,Rice (paddy),13396.764457668496,2008-5,KG,-1095.5239171805006
Philippines,Davao City,Rice (paddy),13481.909118799453,2008-6,KG,85.14466113095659
Philippines,Davao City,Rice (paddy),17495.850631945304,2008-7,KG,4013.941513145852
Philippines,Davao City,Rice (paddy),18642.147262597948,2008-8,KG,1146.2966306526432
Philippines,Davao City,Rice (paddy),21440.573208662856,2008-9,KG,2798.425946064908
Philippines,Davao City,Rice (paddy),21598.810011799884,2008-10,KG,158.2368031370279
Philippines,Davao City,Rice (paddy),22847.409404013175,2008-11,KG,1248.5993922132911
Philippines,Davao City,Rice (paddy),21890.07353899076,2008-12,KG,-957.3358650224145
Philippines,Davao City,Rice (paddy),19195.943160694704,2009-1,KG,-2694.1303782960567
Philippines,Davao City,Rice (paddy),18279.603264913185,2009-2,KG,-916.3398957815189
Philippines,Davao City,Rice (paddy),17213.23709093899,2009-3,KG,-1066.3661739741947
Philippines,Davao City,Rice (paddy),15877.709937905607,2009-4,KG,-1335.527153033383
Philippines,Davao City,Rice (paddy),16534.085852088083,2009-5,KG,656.3759141824758
Philippines,Davao City,Rice (paddy),18357.25138928735,2009-6,KG,1823.1655371992674
Philippines,Davao City,Rice (paddy),19750.63817476301,2009-7,KG,1393.3867854756609
Philippines,Davao City,Rice (paddy),21300.412383132632,2009-8,KG,1549.7742083696212
Philippines,Davao City,Rice (paddy),19449.511263749457,2009-9,KG,-1850.9011193831757
Philippines,Davao City,Rice (paddy),18700.63586162584,2009-10,KG,-748.8754021236164
Philippines,Davao City,Rice (paddy),18820.6678135616,2009-11,KG,120.03195193575812
Philippines,Davao City,Rice (paddy),18628.545303981784,2009-12,KG,-192.1225095798145
Philippines,Davao City,Rice (paddy),19666.07376962052,2010-1,KG,1037.5284656387375
Philippines,Davao City,Rice (paddy),17711.60338764544,2010-2,KG,-1954.470381975083
Philippines,Davao City,Rice (paddy),17919.200887185685,2010-3,KG,207.59749954024664
Philippines,Davao City,Rice (paddy),17802.941075339008,2010-4,KG,-116.25981184667762
Philippines,Davao City,Rice (paddy),19246.707897059256,2010-5,KG,1443.7668217202481
Philippines,Davao City,Rice (paddy),19824.794347917174,2010-6,KG,578.086450857918
Philippines,Davao City,Rice (paddy),19987.705648595456,2010-7,KG,162.91130067828271
Philippines,Davao City,Rice (paddy),18790.076578023138,2010-8,KG,-1197.6290705723186
Philippines,Davao City,Rice (paddy),18072.49268224956,2010-9,KG,-717.5838957735759
Philippines,Davao City,Rice (paddy),18235.40922430428,2010-10,KG,162.91654205471787
Philippines,Davao City,Rice (paddy),17973.25233475383,2010-11,KG,-262.1568895504497
Philippines,Davao City,Rice (paddy),18190.06739200725,2010-12,KG,216.8150572534214
Philippines,Davao City,Rice (paddy),18583.54280032041,2012-1,KG,30.26733910101225
Philippines,Davao City,Rice (paddy),16872.141080170128,2012-2,KG,-1711.401720150283
Philippines,Davao City,Rice (paddy),16863.701429284756,2012-3,KG,-8.43965088537152
Philippines,Davao City,Rice (paddy),16968.969841287122,2012-4,KG,105.26841200236595
Philippines,Davao City,Rice (paddy),17074.238253289488,2012-5,KG,105.26841200236595
Philippines,Davao City,Rice (paddy),17097.513078039283,2012-6,KG,23.27482474979479
Philippines,Davao City,Rice (paddy),16313.67131561463,2012-7,KG,-783.8417624246522
Philippines,Davao City,Rice (paddy),15884.758752823283,2012-8,KG,-428.9125627913472
Philippines,Davao City,Rice (paddy),17360.46250421868,2012-9,KG,1475.7037513953983
Philippines,Davao City,Rice (paddy),17405.724811656593,2012-10,KG,45.26230743791166
Philippines,Davao City,Rice (paddy),17497.5712655507,2012-11,KG,91.84645389410798
Philippines,Davao City,Rice (paddy),17662.51026464434,2012-12,KG,164.93899909363972
Philippines,Davao City,Rice (paddy),19135.909566623217,2013-1,KG,1473.3993019788759
Philippines,Davao City,Rice (paddy),19354.987406530632,2013-2,KG,219.07783990741518
Philippines,Davao City,Rice (paddy),18767.253865023453,2013-3,KG,-587.7335415071793
Philippines,Iloilo City,Rice (paddy),18688.199433851998,2008-2,KG,85.22750557813197
Philippines,Iloilo City,Rice (paddy),17473.151206887404,2008-3,KG,-1215.0482269645945
Philippines,Iloilo City,Rice (paddy),14141.592057079597,2008-4,KG,-3331.5591498078065
Philippines,Iloilo City,Rice (paddy),16945.373058287554,2008-5,KG,2803.781001207957
Philippines,Iloilo City,Rice (paddy),14513.079158859337,2008-6,KG,-2432.2938994282176
Philippines,Iloilo City,Rice (paddy),16395.404903151568,2008-7,KG,1882.3257442922313
Philippines,Iloilo City,Rice (paddy),18247.6817640947,2008-8,KG,1852.2768609431332
Philippines,Iloilo City,Rice (paddy),19439.68302989786,2008-9,KG,1192.0012658031592
Philippines,Iloilo City,Rice (paddy),19252.93460322581,2008-10,KG,-186.7484266720494
Philippines,Iloilo City,Rice (paddy),19500.894683026592,2008-11,KG,247.9600798007814
Philippines,Iloilo City,Rice (paddy),19162.285737305378,2008-12,KG,-338.6089457212147
Philippines,Iloilo City,Rice (paddy),18526.486462141285,2009-1,KG,-635.7992751640923
Philippines,Iloilo City,Rice (paddy),16842.723992551593,2009-2,KG,-1683.762469589692
Philippines,Iloilo City,Rice (paddy),17014.71264687796,2009-3,KG,171.9886543263674
Philippines,Iloilo City,Rice (paddy),16563.914157296476,2009-4,KG,-450.7984895814843
Philippines,Iloilo City,Rice (paddy),18928.853294455235,2009-5,KG,2364.939137158759
Philippines,Iloilo City,Rice (paddy),19330.958951277626,2009-6,KG,402.1056568223903
Philippines,Iloilo City,Rice (paddy),19533.938382876906,2009-7,KG,202.97943159928036
Philippines,Iloilo City,Rice (paddy),20803.81659068657,2009-8,KG,1269.8782078096629
Philippines,Iloilo City,Rice (paddy),20763.448221517352,2009-9,KG,-40.36836916921675
Philippines,Iloilo City,Rice (paddy),19511.74777851564,2009-10,KG,-1251.7004430017114
Philippines,Iloilo City,Rice (paddy),18791.668325405106,2009-11,KG,-720.0794531105348
Philippines,Iloilo City,Rice (paddy),17489.682272297305,2009-12,KG,-1301.9860531078011
Philippines,Iloilo City,Rice (paddy),17427.331902185877,2010-1,KG,-62.350370111427765
Philippines,Iloilo City,Rice (paddy),18623.513351766407,2010-2,KG,1196.1814495805302
Philippines,Iloilo City,Rice (paddy),17201.946577590057,2010-3,KG,-1421.56677417635
Philippines,Iloilo City,Rice (paddy),15645.008823782766,2010-4,KG,-1556.9377538072913
Philippines,Iloilo City,Rice (paddy),15517.731995483091,2010-5,KG,-127.27682829967489
Philippines,Iloilo City,Rice (paddy),16212.33182172042,2010-6,KG,694.5998262373287
Philippines,Iloilo City,Rice (paddy),15585.073882551676,2010-7,KG,-627.2579391687432
Philippines,Iloilo City,Rice (paddy),16501.620905255346,2010-8,KG,916.5470227036694
Philippines,Iloilo City,Rice (paddy),20118.4352500514,2010-9,KG,3616.814344796054
Philippines,Iloilo City,Rice (paddy),22168.207158393863,2010-10,KG,2049.7719083424636
Philippines,Iloilo City,Rice (paddy),23769.93548696549,2010-11,KG,1601.7283285716258
Philippines,Iloilo City,Rice (paddy),21529.461935288367,2010-12,KG,-2240.4735516771216
Philippines,Iloilo City,Rice (paddy),18519.016610041523,2012-1,KG,-231.57271732668036
Philippines,Iloilo City,Rice (paddy),18075.624827578387,2012-2,KG,-443.3917824631353
Philippines,Iloilo City,Rice (paddy),17016.8089649592,2012-3,KG,-1058.815862619187
Philippines,Iloilo City,Rice (paddy),16509.677618847436,2012-4,KG,-507.1313461117652
Philippines,Iloilo City,Rice (paddy),16002.54627273567,2012-5,KG,-507.1313461117652
Philippines,Iloilo City,Rice (paddy),15636.09982630012,2012-6,KG,-366.44644643554966
Philippines,Iloilo City,Rice (paddy),15733.540759939802,2012-7,KG,97.44093363968204
Philippines,Iloilo City,Rice (paddy),17142.434262860526,2012-8,KG,1408.8935029207241
Philippines,Iloilo City,Rice (paddy),18411.853167776266,2012-9,KG,1269.4189049157394
Philippines,Iloilo City,Rice (paddy),19213.59766927369,2012-10,KG,801.7445014974255
Philippines,Iloilo City,Rice (paddy),18624.35786814353,2012-11,KG,-589.239801130163
Philippines,Iloilo City,Rice (paddy),18004.365302024562,2012-12,KG,-619.9925661189664
Philippines,Iloilo City,Rice (paddy),18851.712889891198,2013-1,KG,847.3475878666359
Philippines,Iloilo City,Rice (paddy),18469.114196522984,2013-2,KG,-382.5986933682143
Philippines,Iloilo City,Rice (paddy),18532.500168310162,2013-3,KG,63.38597178717828
Philippines,Koronadal,Rice (paddy),16592.050682187713,2008-2,KG,-1166.04279013427
Philippines,Koronadal,Rice (paddy),15218.952797445763,2008-3,KG,-1373.09788474195
Philippines,Koronadal,Rice (paddy),13754.767337961008,2008-4,KG,-1464.1854594847555
Philippines,Koronadal,Rice (paddy),12779.757459042425,2008-5,KG,-975.0098789185831
Philippines,Koronadal,Rice (paddy),12397.24148451159,2008-6,KG,-382.5159745308338
Philippines,Koronadal,Rice (paddy),15353.737880846775,2008-7,KG,2956.496396335184
Philippines,Koronadal,Rice (paddy),17612.739735994586,2008-8,KG,2259.0018551478115
Philippines,Koronadal,Rice (paddy),19486.714521099224,2008-9,KG,1873.9747851046377
Philippines,Koronadal,Rice (paddy),18274.692712487533,2008-10,KG,-1212.021808611691
Philippines,Koronadal,Rice (paddy),18753.072763028515,2008-11,KG,478.38005054098176
Philippines,Koronadal,Rice (paddy),18284.8398615942,2008-12,KG,-468.23290143431586
Philippines,Koronadal,Rice (paddy),16623.42560786691,2009-1,KG,-1661.4142537272892
Philippines,Koronadal,Rice (paddy),14826.056077679284,2009-2,KG,-1797.369530187625
Philippines,Koronadal,Rice (paddy),15190.60353815755,2009-3,KG,364.54746047826484
Philippines,Koronadal,Rice (paddy),15134.949509461665,2009-4,KG,-55.654028695884335
Philippines,Koronadal,Rice (paddy),14756.547493214952,2009-5,KG,-378.4020162467132
Philippines,Koronadal,Rice (paddy),15459.943465712984,2009-6,KG,703.3959724980323
Philippines,Koronadal,Rice (paddy),15967.524264286309,2009-7,KG,507.5807985733245
Philippines,Koronadal,Rice (paddy),18144.79573377965,2009-8,KG,2177.271469493342
Philippines,Koronadal,Rice (paddy),18482.08939688144,2009-9,KG,337.293663101791
Philippines,Koronadal,Rice (paddy),17143.34931845587,2009-10,KG,-1338.7400784255733
Philippines,Koronadal,Rice (paddy),16891.679699706252,2009-11,KG,-251.66961874961635
Philippines,Koronadal,Rice (paddy),16084.888515486276,2009-12,KG,-806.7911842199755
Philippines,Koronadal,Rice (paddy),16590.45807949817,2010-1,KG,505.5695640118938
Philippines,Koronadal,Rice (paddy),16021.101005668046,2010-2,KG,-569.3570738301241
Philippines,Koronadal,Rice (paddy),15367.072275980454,2010-3,KG,-654.0287296875922
Philippines,Koronadal,Rice (paddy),15714.454011966964,2010-4,KG,347.38173598650974
Philippines,Koronadal,Rice (paddy),16151.513008700013,2010-5,KG,437.05899673304884
Philippines,Koronadal,Rice (paddy),16356.716456265005,2010-6,KG,205.20344756499253
Philippines,Koronadal,Rice (paddy),16102.947810937405,2010-7,KG,-253.7686453276001
Philippines,Koronadal,Rice (paddy),15434.70576051901,2010-8,KG,-668.2420504183956
Philippines,Koronadal,Rice (paddy),17719.922377032264,2010-9,KG,2285.216616513255
Philippines,Koronadal,Rice (paddy),17058.514019047758,2010-10,KG,-661.4083579845064
Philippines,Koronadal,Rice (paddy),16671.740958788898,2010-11,KG,-386.7730602588599
Philippines,Koronadal,Rice (paddy),15646.491579654732,2010-12,KG,-1025.2493791341658
Philippines,Koronadal,Rice (paddy),15677.474378871128,2012-1,KG,2.383292247415039
Philippines,Koronadal,Rice (paddy),15157.492596413003,2012-2,KG,-519.9817824581241
Philippines,Koronadal,Rice (paddy),14634.645523684932,2012-3,KG,-522.847072728071
Philippines,Koronadal,Rice (paddy),14668.996455448074,2012-4,KG,34.35093176314149
Philippines,Koronadal,Rice (paddy),14703.347387211215,2012-5,KG,34.35093176314149
Philippines,Koronadal,Rice (paddy),14056.526066308492,2012-6,KG,-646.8213209027235
Philippines,Koronadal,Rice (paddy),13774.237777488897,2012-7,KG,-282.2882888195945
Philippines,Koronadal,Rice (paddy),14833.090787034756,2012-8,KG,1058.853009545859
Philippines,Koronadal,Rice (paddy),16359.538977389931,2012-9,KG,1526.448190355175
Philippines,Koronadal,Rice (paddy),15576.358528440072,2012-10,KG,-783.180448949859
Philippines,Koronadal,Rice (paddy),14986.008028506201,2012-11,KG,-590.3504999338711
Philippines,Koronadal,Rice (paddy),15221.872482620756,2012-12,KG,235.86445411455497
Philippines,Koronadal,Rice (paddy),16935.401541490563,2013-1,KG,1713.5290588698062
Philippines,Koronadal,Rice (paddy),16603.779720315553,2013-2,KG,-331.62182117500925
Philippines,Koronadal,Rice (paddy),15513.826493425437,2013-3,KG,-1089.9532268901166
Philippines,Legazpi,Rice (paddy),16539.792254842243,2008-2,KG,-2145.4937085124766
Philippines,Legazpi,Rice (paddy),16500.920227833387,2008-3,KG,-38.872027008856094
Philippines,Legazpi,Rice (paddy),14779.558616045591,2008-4,KG,-1721.3616117877955
Philippines,Legazpi,Rice (paddy),15059.999122358679,2008-5,KG,280.4405063130871
Philippines,Legazpi,Rice (paddy),13822.812299407266,2008-6,KG,-1237.186822951413
Philippines,Legazpi,Rice (paddy),20243.889998219434,2008-7,KG,6421.077698812169
Philippines,Legazpi,Rice (paddy),21128.89467421492,2008-8,KG,885.0046759954857
Philippines,Legazpi,Rice (paddy),22795.779251097207,2008-9,KG,1666.8845768822866
Philippines,Legazpi,Rice (paddy),22747.05105734012,2008-10,KG,-48.728193757087865
Philippines,Legazpi,Rice (paddy),21441.118605958403,2008-11,KG,-1305.9324513817155
Philippines,Legazpi,Rice (paddy),20614.215797334342,2008-12,KG,-826.9028086240614
Philippines,Legazpi,Rice (paddy),18639.539011109347,2009-1,KG,-1974.6767862249944
Philippines,Legazpi,Rice (paddy),17207.336034289787,2009-2,KG,-1432.2029768195607
Philippines,Legazpi,Rice (paddy),17213.23709093899,2009-3,KG,5.901056649203383
Philippines,Legazpi,Rice (paddy),18117.910467326477,2009-4,KG,904.6733763874872
Philippines,Legazpi,Rice (paddy),18914.28142894757,2009-5,KG,796.3709616210908
Philippines,Legazpi,Rice (paddy),20018.004342114637,2009-6,KG,1103.7229131670683
Philippines,Legazpi,Rice (paddy),19232.488716474483,2009-7,KG,-785.5156256401533
Philippines,Legazpi,Rice (paddy),19043.73759559038,2009-8,KG,-188.75112088410242
Philippines,Legazpi,Rice (paddy),22129.22170453272,2009-9,KG,3085.484108942339
Philippines,Legazpi,Rice (paddy),19052.647830785856,2009-10,KG,-3076.5738737468637
Philippines,Legazpi,Rice (paddy),18520.56604888066,2009-11,KG,-532.0817819051954
Philippines,Legazpi,Rice (paddy),18246.638908228168,2009-12,KG,-273.9271406524931
Philippines,Legazpi,Rice (paddy),18634.034912905743,2010-1,KG,387.39600467757555
Philippines,Legazpi,Rice (paddy),18022.33327163921,2010-2,KG,-611.7016412665325
Philippines,Legazpi,Rice (paddy),18440.48673117654,2010-3,KG,418.1534595373305
Philippines,Legazpi,Rice (paddy),18816.77598851321,2010-4,KG,376.28925733666983
Philippines,Legazpi,Rice (paddy),18706.1499516873,2010-5,KG,-110.62603682590998
Philippines,Legazpi,Rice (paddy),18976.205364759106,2010-6,KG,270.05541307180465
Philippines,Legazpi,Rice (paddy),19311.42989356779,2010-7,KG,335.22452880868514
Philippines,Legazpi,Rice (paddy),17144.980954229053,2010-8,KG,-2166.4489393387375
Philippines,Legazpi,Rice (paddy),18821.46782027065,2010-9,KG,1676.486866041596
Philippines,Legazpi,Rice (paddy),18688.814892663046,2010-10,KG,-132.6529276076035
Philippines,Legazpi,Rice (paddy),19605.8591972781,2010-11,KG,917.044304615054
Philippines,Legazpi,Rice (paddy),19012.37753131857,2010-12,KG,-593.4816659595308
Philippines,Legazpi,Rice (paddy),19379.55644310715,2012-3,KG,24.478594119238792
Philippines,Legazpi,Rice (paddy),18579.479790124744,2012-4,KG,-800.0766529824068
Philippines,Legazpi,Rice (paddy),17779.403137142337,2012-5,KG,-800.0766529824068
Philippines,Legazpi,Rice (paddy),17346.946292705637,2012-6,KG,-432.4568444366996
Philippines,Legazpi,Rice (paddy),17926.673797455398,2012-7,KG,579.7275047497606
Philippines,Legazpi,Rice (paddy),18506.40130220516,2012-8,KG,579.7275047497606
Philippines,Legazpi,Rice (paddy),19086.12880695492,2012-9,KG,579.7275047497606
Philippines,Legazpi,Rice (paddy),18814.205884017814,2012-10,KG,-271.9229229371049
Philippines,Legazpi,Rice (paddy),19295.63457044625,2012-11,KG,481.4286864284368
Philippines,Legazpi,Rice (paddy),19676.531365849973,2012-12,KG,380.8967954037198
Philippines,Legazpi,Rice (paddy),20057.42816125369,2013-1,KG,380.8967954037198
Philippines,Legazpi,Rice (paddy),18808.23634984897,2013-2,KG,-1249.191811404722
Philippines,Legazpi,Rice (paddy),18055.69921611261,2013-3,KG,-752.5371337363576
Philippines,Lingayen,Rice (paddy),15949.533913173611,2008-2,KG,-1078.1863598835116
Philippines,Lingayen,Rice (paddy),14931.601940431052,2008-3,KG,-1017.9319727425591
Philippines,Lingayen,Rice (paddy),13505.61789836021,2008-4,KG,-1425.9840420708424
Philippines,Lingayen,Rice (paddy),13034.902352528889,2008-5,KG,-470.7155458313209
Philippines,Lingayen,Rice (paddy),12370.52329165704,2008-6,KG,-664.3790608718482
Philippines,Lingayen,Rice (paddy),12191.013104550431,2008-7,KG,-179.510187106609
Philippines,Lingayen,Rice (paddy),15668.938042385493,2008-8,KG,3477.9249378350614
Philippines,Lingayen,Rice (paddy),16838.694080949852,2008-9,KG,1169.7560385643592
Philippines,Lingayen,Rice (paddy),18534.005006391388,2008-10,KG,1695.3109254415358
Philippines,Lingayen,Rice (paddy),18202.69625387736,2008-11,KG,-331.30875251402904
Philippines,Lingayen,Rice (paddy),17608.586893740077,2008-12,KG,-594.1093601372813
Philippines,Lingayen,Rice (paddy),16993.348848097605,2009-1,KG,-615.2380456424726
Philippines,Lingayen,Rice (paddy),14494.65011829587,2009-2,KG,-2498.6987298017357
Philippines,Lingayen,Rice (paddy),15108.244844275972,2009-3,KG,613.5947259801032
Philippines,Lingayen,Rice (paddy),14688.754064017632,2009-4,KG,-419.49078025834024
Philippines,Lingayen,Rice (paddy),14712.366213295149,2009-5,KG,23.612149277516437
Philippines,Lingayen,Rice (paddy),14947.098537718892,2009-6,KG,234.7323244237432
Philippines,Lingayen,Rice (paddy),15835.645093107325,2009-7,KG,888.5465553884333
Philippines,Lingayen,Rice (paddy),17101.563124855973,2009-8,KG,1265.918031748648
Philippines,Lingayen,Rice (paddy),17288.454456666186,2009-9,KG,186.89133181021316
Philippines,Lingayen,Rice (paddy),17654.161325764508,2009-10,KG,365.7068690983215
Philippines,Lingayen,Rice (paddy),16672.307236073702,2009-11,KG,-981.8540896908053
Philippines,Lingayen,Rice (paddy),15151.843280035622,2009-12,KG,-1520.4639560380801
Philippines,Lingayen,Rice (paddy),15958.736517170213,2010-1,KG,806.8932371345909
Philippines,Lingayen,Rice (paddy),16378.71486740171,2010-2,KG,419.97835023149673
Philippines,Lingayen,Rice (paddy),14538.801178536552,2010-3,KG,-1839.9136888651574
Philippines,Lingayen,Rice (paddy),15845.072875237787,2010-4,KG,1306.2716967012348
Philippines,Lingayen,Rice (paddy),15642.410929933818,2010-5,KG,-202.66194530396933
Philippines,Lingayen,Rice (paddy),16882.966690248577,2010-6,KG,1240.555760314759
Philippines,Lingayen,Rice (paddy),16897.50115687182,2010-7,KG,14.534466623241315
Philippines,Lingayen,Rice (paddy),16913.604693038378,2010-8,KG,16.103536166559934
Philippines,Lingayen,Rice (paddy),16626.693267669594,2010-9,KG,-286.91142536878397
Philippines,Lingayen,Rice (paddy),16679.96169684975,2010-10,KG,53.26842918015609
Philippines,Lingayen,Rice (paddy),16333.800263678311,2010-11,KG,-346.16143317143906
Philippines,Lingayen,Rice (paddy),16869.211875990128,2010-12,KG,535.4116123118165
Philippines,Lingayen,Rice (paddy),14774.173916044205,2012-1,KG,-161.15676614968638
Philippines,Lingayen,Rice (paddy),14779.842724248694,2012-2,KG,5.6688082044893235
Philippines,Lingayen,Rice (paddy),14783.053196601171,2012-3,KG,3.2104723524771543
Philippines,Lingayen,Rice (paddy),14873.05891555393,2012-4,KG,90.00571895275789
Philippines,Lingayen,Rice (paddy),14963.064634506687,2012-5,KG,90.00571895275789
Philippines,Lingayen,Rice (paddy),14922.529954021731,2012-6,KG,-40.53468048495597
Philippines,Lingayen,Rice (paddy),14240.513307137522,2012-7,KG,-682.016646884209
Philippines,Lingayen,Rice (paddy),14329.854670233242,2012-8,KG,89.34136309572023
Philippines,Lingayen,Rice (paddy),14584.374839352187,2012-9,KG,254.52016911894498
Philippines,Lingayen,Rice (paddy),15359.233530770909,2012-10,KG,774.8586914187217
Philippines,Lingayen,Rice (paddy),15166.671175323636,2012-11,KG,-192.56235544727315
Philippines,Lingayen,Rice (paddy),15021.5846867968,2012-12,KG,-145.08648852683655
Philippines,Lingayen,Rice (paddy),15302.136639670578,2013-1,KG,280.55195287377865
Philippines,Lingayen,Rice (paddy),15218.550097934942,2013-2,KG,-83.58654173563627
Philippines,Lingayen,Rice (paddy),15204.257549713982,2013-3,KG,-14.292548220959361
Philippines,Palayan,Rice (paddy),16158.10474126896,2008-2,KG,1097.9241859259946
Philippines,Palayan,Rice (paddy),12619.498093863123,2008-3,KG,-3538.606647405837
Philippines,Palayan,Rice (paddy),14329.022037955403,2008-4,KG,1709.5239440922796
Philippines,Palayan,Rice (paddy),11683.388792819314,2008-5,KG,-2645.6332451360886
Philippines,Palayan,Rice (paddy),10436.223286052484,2008-6,KG,-1247.1655067668307
Philippines,Palayan,Rice (paddy),12242.47912293376,2008-7,KG,1806.255836881277
Philippines,Palayan,Rice (paddy),15893.54398019443,2008-8,KG,3651.0648572606697
Philippines,Palayan,Rice (paddy),18907.297344415525,2008-9,KG,3013.7533642210947
Philippines,Palayan,Rice (paddy),19602.71145620701,2008-10,KG,695.4141117914842
Philippines,Palayan,Rice (paddy),18400.2653159672,2008-11,KG,-1202.4461402398083
Philippines,Palayan,Rice (paddy),18204.171450440106,2008-12,KG,-196.09386552709475
Philippines,Palayan,Rice (paddy),15272.772277227725,2009-1,KG,-2931.3991732123814
Philippines,Palayan,Rice (paddy),13890.025479764925,2009-2,KG,-1382.7467974627998
Philippines,Palayan,Rice (paddy),17587.437897263753,2009-3,KG,3697.4124174988283
Philippines,Palayan,Rice (paddy),16051.628152431638,2009-4,KG,-1535.809744832115
Philippines,Palayan,Rice (paddy),15213.406548732439,2009-5,KG,-838.2216036991995
Philippines,Palayan,Rice (paddy),14391.573388814124,2009-6,KG,-821.8331599183148
Philippines,Palayan,Rice (paddy),13971.58373125052,2009-7,KG,-419.98965756360485
Philippines,Palayan,Rice (paddy),15225.706109332466,2009-8,KG,1254.1223780819473
Philippines,Palayan,Rice (paddy),20885.38122281821,2009-9,KG,5659.675113485744
Philippines,Palayan,Rice (paddy),15897.988209588984,2009-10,KG,-4987.393013229226
Philippines,Palayan,Rice (paddy),14927.530897414828,2009-11,KG,-970.457312174156
Philippines,Palayan,Rice (paddy),14312.580966132517,2009-12,KG,-614.9499312823118
Philippines,Palayan,Rice (paddy),14994.660352203333,2010-1,KG,682.0793860708163
Philippines,Palayan,Rice (paddy),14793.677944749928,2010-2,KG,-200.98240745340445
Philippines,Palayan,Rice (paddy),16626.668364175574,2010-3,KG,1832.990419425645
Philippines,Palayan,Rice (paddy),16744.38782221074,2010-4,KG,117.71945803516792
Philippines,Palayan,Rice (paddy),15432.573710142024,2010-5,KG,-1311.8141120687178
Philippines,Palayan,Rice (paddy),16010.434787826018,2010-6,KG,577.8610776839942
Philippines,Palayan,Rice (paddy),15135.062910103217,2010-7,KG,-875.3718777228005
Philippines,Palayan,Rice (paddy),19281.509350063745,2010-8,KG,4146.446439960528
Philippines,Palayan,Rice (paddy),17246.394212245184,2010-9,KG,-2035.1151378185605
Philippines,Palayan,Rice (paddy),16306.78289278464,2010-10,KG,-939.6113194605441
Philippines,Palayan,Rice (paddy),16603.03872956312,2010-11,KG,296.2558367784786
Philippines,Palayan,Rice (paddy),14837.51847486723,2010-12,KG,-1765.520254695888
Philippines,Palayan,Rice (paddy),13781.593756309969,2012-1,KG,-81.22497835055863
Philippines,Palayan,Rice (paddy),13665.550916766068,2012-2,KG,-116.04283954390121
Philippines,Palayan,Rice (paddy),15264.641898759211,2012-3,KG,1599.090981993144
Philippines,Palayan,Rice (paddy),14830.83477436843,2012-4,KG,-433.8071243907816
Philippines,Palayan,Rice (paddy),14397.027649977648,2012-5,KG,-433.8071243907816
Philippines,Palayan,Rice (paddy),13456.376033642024,2012-6,KG,-940.6516163356246
Philippines,Palayan,Rice (paddy),13159.694861262467,2012-7,KG,-296.6811723795563
Philippines,Palayan,Rice (paddy),14918.980137278151,2012-8,KG,1759.2852760156838
Philippines,Palayan,Rice (paddy),15273.46910508713,2012-9,KG,354.4889678089785
Philippines,Palayan,Rice (paddy),14640.517230370884,2012-10,KG,-632.9518747162456
Philippines,Palayan,Rice (paddy),14369.792963941696,2012-11,KG,-270.724266429188
Philippines,Palayan,Rice (paddy),13807.635841849507,2012-12,KG,-562.1571220921887
Philippines,Palayan,Rice (paddy),14630.253581946296,2013-1,KG,822.6177400967881
Philippines,Palayan,Rice (paddy),15768.18393806166,2013-2,KG,1137.9303561153647
Philippines,Palayan,Rice (paddy),15450.908309500766,2013-3,KG,-317.2756285608939
Philippines,Puerto Princesa,Rice (paddy),19631.342209018363,2008-2,KG,-1440.8864722100188
Philippines,Puerto Princesa,Rice (paddy),16892.5559927345,2008-3,KG,-2738.7862162838646
Philippines,Puerto Princesa,Rice (paddy),14871.041441041749,2008-4,KG,-2021.5145516927496
Philippines,Puerto Princesa,Rice (paddy),14978.70358053758,2008-5,KG,107.66213949583107
Philippines,Puerto Princesa,Rice (paddy),14494.754563961787,2008-6,KG,-483.9490165757925
Philippines,Puerto Princesa,Rice (paddy),16811.2303898257,2008-7,KG,2316.475825863914
Philippines,Puerto Princesa,Rice (paddy),19682.199434475773,2008-8,KG,2870.9690446500717
Philippines,Puerto Princesa,Rice (paddy),21308.22399132543,2008-9,KG,1626.0245568496575
Philippines,Puerto Princesa,Rice (paddy),21211.13906287015,2008-10,KG,-97.08492845528235
Philippines,Puerto Princesa,Rice (paddy),21550.14124293785,2008-11,KG,339.0021800677023
Philippines,Puerto Princesa,Rice (paddy),19555.823990994115,2008-12,KG,-1994.3172519437358
Philippines,Puerto Princesa,Rice (paddy),18373.25988237921,2009-1,KG,-1182.5641086149044
Philippines,Puerto Princesa,Rice (paddy),17088.006380792634,2009-2,KG,-1285.253501586576
Philippines,Puerto Princesa,Rice (paddy),15723.941342632044,2009-3,KG,-1364.0650381605901
Philippines,Puerto Princesa,Rice (paddy),16229.398627083972,2009-4,KG,505.457284451928
Philippines,Puerto Princesa,Rice (paddy),16534.085852088083,2009-5,KG,304.6872250041106
Philippines,Puerto Princesa,Rice (paddy),15694.926773614896,2009-6,KG,-839.159078473187
Philippines,Puerto Princesa,Rice (paddy),16683.6046697128,2009-7,KG,988.6778960979045
Philippines,Puerto Princesa,Rice (paddy),17183.895271949503,2009-8,KG,500.2906022367024
Philippines,Puerto Princesa,Rice (paddy),19996.28467277053,2009-9,KG,2812.3894008210264
Philippines,Puerto Princesa,Rice (paddy),18586.171372801808,2009-10,KG,-1410.1132999687215
Philippines,Puerto Princesa,Rice (paddy),18367.157745764933,2009-11,KG,-219.01362703687482
Philippines,Puerto Princesa,Rice (paddy),17853.509243786404,2009-12,KG,-513.6485019785287
Philippines,Puerto Princesa,Rice (paddy),17274.253986828833,2010-1,KG,-579.255256957571
Philippines,Puerto Princesa,Rice (paddy),17132.638366968564,2010-2,KG,-141.61561986026936
Philippines,Puerto Princesa,Rice (paddy),15632.348492828452,2010-3,KG,-1500.2898741401114
Philippines,Puerto Princesa,Rice (paddy),15156.999374233581,2010-4,KG,-475.34911859487147
Philippines,Puerto Princesa,Rice (paddy),16761.205883862865,2010-5,KG,1604.2065096292845
Philippines,Puerto Princesa,Rice (paddy),17005.792506116788,2010-6,KG,244.58662225392254
Philippines,Puerto Princesa,Rice (paddy),15992.653647848794,2010-7,KG,-1013.1388582679938
Philippines,Puerto Princesa,Rice (paddy),15444.21574558402,2010-8,KG,-548.4379022647736
Philippines,Puerto Princesa,Rice (paddy),16878.439483697628,2010-9,KG,1434.2237381136074
Philippines,Puerto Princesa,Rice (paddy),19119.638129457344,2010-10,KG,2241.198645759716
Philippines,Puerto Princesa,Rice (paddy),18739.553790886745,2010-11,KG,-380.08433857059936
Philippines,Puerto Princesa,Rice (paddy),19206.992419434428,2010-12,KG,467.43862854768304
Philippines,Puerto Princesa,Rice (paddy),17813.883713065992,2012-1,KG,-107.16220818218734
Philippines,Puerto Princesa,Rice (paddy),17505.83651980093,2012-2,KG,-308.04719326506165
Philippines,Puerto Princesa,Rice (paddy),17741.662896529466,2012-3,KG,235.82637672853525
Philippines,Puerto Princesa,Rice (paddy),16714.373393772268,2012-4,KG,-1027.2895027571967
Philippines,Puerto Princesa,Rice (paddy),15687.083891015072,2012-5,KG,-1027.2895027571967
Philippines,Puerto Princesa,Rice (paddy),15533.9637823041,2012-6,KG,-153.120108710973
Philippines,Puerto Princesa,Rice (paddy),15840.373444112234,2012-7,KG,306.40966180813484
Philippines,Puerto Princesa,Rice (paddy),17222.64618788728,2012-8,KG,1382.2727437750455
Philippines,Puerto Princesa,Rice (paddy),17795.986302233923,2012-9,KG,573.3401143466435
Philippines,Puerto Princesa,Rice (paddy),16794.390540604374,2012-10,KG,-1001.5957616295491
Philippines,Puerto Princesa,Rice (paddy),16434.688099191317,2012-11,KG,-359.7024414130574
Philippines,Puerto Princesa,Rice (paddy),17039.409495470998,2012-12,KG,604.7213962796814
Philippines,Puerto Princesa,Rice (paddy),16764.982406481853,2013-1,KG,-274.427088989145
Philippines,Puerto Princesa,Rice (paddy),17017.5480328346,2013-2,KG,252.5656263527453
Philippines,Puerto Princesa,Rice (paddy),16932.23348711005,2013-3,KG,-85.31454572454822
Philippines,Santa Cruz,Rice (paddy),18139.495823531648,2008-2,KG,-612.1677098527507
Philippines,Santa Cruz,Rice (paddy),14776.60261232969,2008-3,KG,-3362.8932112019575
Philippines,Santa Cruz,Rice (paddy),14234.690095638382,2008-4,KG,-541.9125166913091
Philippines,Santa Cruz,Rice (paddy),13891.388427006694,2008-5,KG,-343.3016686316878
Philippines,Santa Cruz,Rice (paddy),11210.786733064197,2008-6,KG,-2680.601693942497
Philippines,Santa Cruz,Rice (paddy),15664.752152572231,2008-7,KG,4453.965419508035
Philippines,Santa Cruz,Rice (paddy),18899.38468424094,2008-8,KG,3234.632531668709
Philippines,Santa Cruz,Rice (paddy),24581.409975750805,2008-9,KG,5682.0252915098645
Philippines,Santa Cruz,Rice (paddy),24693.56487916225,2008-10,KG,112.15490341144687
Philippines,Santa Cruz,Rice (paddy),22643.95963193826,2008-11,KG,-2049.60524722399
Philippines,Santa Cruz,Rice (paddy),21070.36014689238,2008-12,KG,-1573.599485045881
Philippines,Santa Cruz,Rice (paddy),17392.480885099187,2009-1,KG,-3677.879261793194
Philippines,Santa Cruz,Rice (paddy),14418.317847339364,2009-2,KG,-2974.163037759823
Philippines,Santa Cruz,Rice (paddy),16445.696027211878,2009-3,KG,2027.378179872514
Philippines,Santa Cruz,Rice (paddy),18660.769207920526,2009-4,KG,2215.0731807086486
Philippines,Santa Cruz,Rice (paddy),17765.47474779674,2009-5,KG,-895.2944601237868
Philippines,Santa Cruz,Rice (paddy),16801.552119008757,2009-6,KG,-963.9226287879828
Philippines,Santa Cruz,Rice (paddy),15926.712700671518,2009-7,KG,-874.8394183372384
Philippines,Santa Cruz,Rice (paddy),18210.921082663688,2009-8,KG,2284.20838199217
Philippines,Santa Cruz,Rice (paddy),19900.37923069489,2009-9,KG,1689.4581480312008
Philippines,Santa Cruz,Rice (paddy),21068.62617888288,2009-10,KG,1168.2469481879925
Philippines,Santa Cruz,Rice (paddy),17140.959582836138,2009-11,KG,-3927.6665960467435
Philippines,Santa Cruz,Rice (paddy),16757.896403163526,2009-12,KG,-383.063179672612
Philippines,Santa Cruz,Rice (paddy),16886.324901259362,2010-1,KG,128.4284980958364
Philippines,Santa Cruz,Rice (paddy),15250.489852782588,2010-2,KG,-1635.8350484767743
Philippines,Santa Cruz,Rice (paddy),17190.284240927285,2010-3,KG,1939.7943881446972
Philippines,Santa Cruz,Rice (paddy),18062.459166816254,2010-4,KG,872.1749258889686
Philippines,Santa Cruz,Rice (paddy),18169.00278868121,2010-5,KG,106.54362186495564
Philippines,Santa Cruz,Rice (paddy),17084.889215447565,2010-6,KG,-1084.1135732336443
Philippines,Santa Cruz,Rice (paddy),15992.653647848794,2010-7,KG,-1092.235567598771
Philippines,Santa Cruz,Rice (paddy),16633.020673578547,2010-8,KG,640.3670257297526
Philippines,Santa Cruz,Rice (paddy),18792.622658860277,2010-9,KG,2159.60198528173
Philippines,Santa Cruz,Rice (paddy),19459.955312991377,2010-10,KG,667.3326541310998
Philippines,Santa Cruz,Rice (paddy),19323.760503792084,2010-11,KG,-136.19480919929265
Philippines,Santa Cruz,Rice (paddy),19374.805697126078,2010-12,KG,51.045193333993666
Philippines,Santa Cruz,Rice (paddy),18859.53601022616,2012-1,KG,-39.636129761532246
Philippines,Santa Cruz,Rice (paddy),17160.553748207225,2012-2,KG,-1698.9822620189334
Philippines,Santa Cruz,Rice (paddy),18662.816091015,2012-3,KG,1502.262342807775
Philippines,Santa Cruz,Rice (paddy),17807.902052466583,2012-4,KG,-854.9140385484188
Philippines,Santa Cruz,Rice (paddy),16952.988013918162,2012-5,KG,-854.9140385484188
Philippines,Santa Cruz,Rice (paddy),16431.65515665836,2012-6,KG,-521.3328572598039
Philippines,Santa Cruz,Rice (paddy),17073.456406827554,2012-7,KG,641.8012501691956
Philippines,Santa Cruz,Rice (paddy),16410.878151005974,2012-8,KG,-662.5782558215797
Philippines,Santa Cruz,Rice (paddy),18930.496918981236,2012-9,KG,2519.618767975262
Philippines,Santa Cruz,Rice (paddy),18484.85435869584,2012-10,KG,-445.64256028539603
Philippines,Santa Cruz,Rice (paddy),17186.822049086004,2012-11,KG,-1298.0323096098364
Philippines,Santa Cruz,Rice (paddy),16800.059930651674,2012-12,KG,-386.76211843432975
Philippines,Santa Cruz,Rice (paddy),17735.410529811146,2013-1,KG,935.350599159472
Philippines,Santa Cruz,Rice (paddy),18329.292960348346,2013-2,KG,593.8824305372
Philippines,Santa Cruz,Rice (paddy),18493.944342717285,2013-3,KG,164.65138236893836
Philippines,Shariff Aguak,Rice (paddy),18409.76000319864,2008-2,KG,-1873.019188531267
Philippines,Shariff Aguak,Rice (paddy),18172.077255162894,2008-3,KG,-237.68274803574604
Philippines,Shariff Aguak,Rice (paddy),12174.827846438457,2008-4,KG,-5997.249408724438
Philippines,Shariff Aguak,Rice (paddy),12506.162651468565,2008-5,KG,331.3348050301083
Philippines,Shariff Aguak,Rice (paddy),8930.257187598394,2008-6,KG,-3575.905463870171
Philippines,Shariff Aguak,Rice (paddy),20938.17503425945,2008-7,KG,12007.917846661056
Philippines,Shariff Aguak,Rice (paddy),20055.161008600204,2008-8,KG,-883.0140256592458
Philippines,Shariff Aguak,Rice (paddy),22947.318144504312,2008-9,KG,2892.157135904108
Philippines,Shariff Aguak,Rice (paddy),20924.985416153515,2008-10,KG,-2022.332728350797
Philippines,Shariff Aguak,Rice (paddy),19337.769328263625,2008-11,KG,-1587.2160878898903
Philippines,Shariff Aguak,Rice (paddy),18366.22638916806,2008-12,KG,-971.5429390955651
Philippines,Shariff Aguak,Rice (paddy),18370.62445524882,2009-1,KG,4.398066080762874
Philippines,Shariff Aguak,Rice (paddy),18375.022521329585,2009-2,KG,4.398066080762874
Philippines,Shariff Aguak,Rice (paddy),18702.227025725664,2009-3,KG,327.20450439607885
Philippines,Shariff Aguak,Rice (paddy),14400.073348308611,2009-4,KG,-4302.153677417053
Philippines,Shariff Aguak,Rice (paddy),16714.048691294483,2009-5,KG,2313.975342985872
Philippines,Shariff Aguak,Rice (paddy),16858.700255467968,2009-6,KG,144.65156417348408
Philippines,Shariff Aguak,Rice (paddy),31078.934384726846,2009-7,KG,14220.234129258879
Philippines,Shariff Aguak,Rice (paddy),29958.493675557045,2009-8,KG,-1120.4407091698013
Philippines,Shariff Aguak,Rice (paddy),29850.568846042333,2009-9,KG,-107.92482951471175
Philippines,Shariff Aguak,Rice (paddy),24389.684723144546,2009-10,KG,-5460.884122897787
Philippines,Shariff Aguak,Rice (paddy),22460.023468117706,2009-11,KG,-1929.66125502684
Philippines,Shariff Aguak,Rice (paddy),22148.22437063272,2009-12,KG,-311.7990974849854
Philippines,Shariff Aguak,Rice (paddy),21041.88963004665,2010-1,KG,-1106.3347405860695
Philippines,Shariff Aguak,Rice (paddy),18423.116866632627,2010-2,KG,-2618.7727634140247
Philippines,Shariff Aguak,Rice (paddy),17559.327739174343,2010-3,KG,-863.7891274582835
Philippines,Shariff Aguak,Rice (paddy),16207.778925357683,2010-4,KG,-1351.5488138166602
Philippines,Shariff Aguak,Rice (paddy),17147.304122380032,2010-5,KG,939.525197022349
Philippines,Shariff Aguak,Rice (paddy),18300.89556530148,2010-6,KG,1153.5914429214463
Philippines,Shariff Aguak,Rice (paddy),17873.487653754462,2010-7,KG,-427.40791154701583
Philippines,Shariff Aguak,Rice (paddy),17286.870451781288,2010-8,KG,-586.6172019731748
Philippines,Shariff Aguak,Rice (paddy),16913.360392974242,2010-9,KG,-373.5100588070454
Philippines,Shariff Aguak,Rice (paddy),19211.26578822472,2010-10,KG,2297.9053952504764
Philippines,Shariff Aguak,Rice (paddy),19308.326190290656,2010-11,KG,97.06040206593752
Philippines,Shariff Aguak,Rice (paddy),21896.66101676995,2010-12,KG,2588.334826479295
Philippines,Shariff Aguak,Rice (paddy),26325.15687903237,2012-1,KG,340.65352786633986
Philippines,Shariff Aguak,Rice (paddy),17171.84358619947,2012-2,KG,-9153.3132928329
Philippines,Shariff Aguak,Rice (paddy),16451.360140418234,2012-3,KG,-720.4834457812358
Philippines,Shariff Aguak,Rice (paddy),16144.913614708283,2012-4,KG,-306.44652570995095
Philippines,Shariff Aguak,Rice (paddy),15838.467088998332,2012-5,KG,-306.44652570995095
Philippines,Shariff Aguak,Rice (paddy),16997.527621442558,2012-6,KG,1159.0605324442258
Philippines,Shariff Aguak,Rice (paddy),15998.382156771704,2012-7,KG,-999.1454646708535
Philippines,Shariff Aguak,Rice (paddy),16023.058891218516,2012-8,KG,24.67673444681168
Philippines,Shariff Aguak,Rice (paddy),17313.383283868257,2012-9,KG,1290.3243926497416
Philippines,Shariff Aguak,Rice (paddy),18579.71798077126,2012-10,KG,1266.3346969030026
Philippines,Shariff Aguak,Rice (paddy),17400.765892020685,2012-11,KG,-1178.952088750575
Philippines,Shariff Aguak,Rice (paddy),16879.09247064802,2012-12,KG,-521.6734213726668
Philippines,Shariff Aguak,Rice (paddy),20012.25377350311,2013-1,KG,3133.161302855093
Philippines,Shariff Aguak,Rice (paddy),19326.895987943502,2013-2,KG,-685.3577855596086
Philippines,Shariff Aguak,Rice (paddy),19522.890001609318,2013-3,KG,195.99401366581515
Philippines,Tandag,Rice (paddy),15345.98598671022,2008-4,KG,-1722.1121546298273
Philippines,Tandag,Rice (paddy),12005.645595649918,2008-5,KG,-3340.340391060303
Philippines,Tandag,Rice (paddy),14242.984633570393,2008-6,KG,2237.3390379204757
Philippines,Tandag,Rice (paddy),16054.36923621388,2008-7,KG,1811.3846026434858
Philippines,Tandag,Rice (paddy),17865.753838857367,2008-8,KG,1811.3846026434858
Philippines,Tandag,Rice (paddy),19677.13844150085,2008-9,KG,1811.3846026434858
Philippines,Tandag,Rice (paddy),20442.3663126508,2008-10,KG,765.2278711499494
Philippines,Tandag,Rice (paddy),23458.640836408358,2008-11,KG,3016.274523757558
Philippines,Tandag,Rice (paddy),21342.82170051599,2008-12,KG,-2115.8191358923686
Philippines,Tandag,Rice (paddy),19974.18043298961,2009-1,KG,-1368.6412675263807
Philippines,Tandag,Rice (paddy),18605.53916546323,2009-2,KG,-1368.6412675263807
Philippines,Tandag,Rice (paddy),17236.897897936848,2009-3,KG,-1368.6412675263807
Philippines,Tandag,Rice (paddy),15877.709937905607,2009-4,KG,-1359.1879600312404
Philippines,Tandag,Rice (paddy),15923.299790150935,2009-5,KG,45.589852245328075
Philippines,Tandag,Rice (paddy),17588.565915924708,2009-6,KG,1665.2661257737727
Philippines,Tandag,Rice (paddy),17598.64630714851,2009-7,KG,10.080391223800689
Philippines,Tandag,Rice (paddy),17608.72669837231,2009-8,KG,10.080391223800689
Philippines,Tandag,Rice (paddy),17618.80708959611,2009-9,KG,10.080391223800689
Philippines,Tandag,Rice (paddy),16695.619233162863,2009-10,KG,-923.1878564332474
Philippines,Tandag,Rice (paddy),18464.485606643317,2009-11,KG,1768.866373480454
Philippines,Tandag,Rice (paddy),17669.72311921801,2009-12,KG,-794.7624874253052
Philippines,Tandag,Rice (paddy),17296.714728601335,2010-1,KG,-373.0083906166765
Philippines,Tandag,Rice (paddy),16923.70633798466,2010-2,KG,-373.0083906166765
Philippines,Tandag,Rice (paddy),16550.697947367982,2010-3,KG,-373.0083906166765
Philippines,Tandag,Rice (paddy),18549.172138377173,2010-4,KG,1998.4741910091907
Philippines,Tandag,Rice (paddy),17588.200753740733,2010-5,KG,-960.9713846364393
Philippines,Tandag,Rice (paddy),17385.232095502764,2010-6,KG,-202.96865823796907
Philippines,Tandag,Rice (paddy),17189.326549927104,2010-7,KG,-195.90554557565824
Philippines,Tandag,Rice (paddy),16993.421004351447,2010-8,KG,-195.90554557565824
Philippines,Tandag,Rice (paddy),16797.51545877579,2010-9,KG,-195.90554557565824
Philippines,Tandag,Rice (paddy),17229.587941874885,2010-10,KG,432.0724830990948
Philippines,Tandag,Rice (paddy),17429.00100233879,2010-11,KG,199.41306046390673
Philippines,Tandag,Rice (paddy),17548.83480049045,2010-12,KG,119.83379815165972
Philippines,Tandag,Rice (paddy),15731.366561131344,2012-3,KG,-121.1645492906071
Philippines,Tandag,Rice (paddy),15945.738183199283,2012-4,KG,214.37162206793892
Philippines,Tandag,Rice (paddy),16160.109805267222,2012-5,KG,214.37162206793892
Philippines,Tandag,Rice (paddy),15442.263878040198,2012-6,KG,-717.8459272270247
Philippines,Tandag,Rice (paddy),15322.84816592829,2012-7,KG,-119.41571211190664
Philippines,Tandag,Rice (paddy),15203.432453816384,2012-8,KG,-119.41571211190664
Philippines,Tandag,Rice (paddy),15084.016741704478,2012-9,KG,-119.41571211190664
Philippines,Tandag,Rice (paddy),15968.957357134217,2012-10,KG,884.9406154297394
Philippines,Tandag,Rice (paddy),16139.517305876785,2012-11,KG,170.55994874256794
Philippines,Tandag,Rice (paddy),16340.982170672904,2012-12,KG,201.4648647961185
Philippines,Tandag,Rice (paddy),17154.144860776847,2013-1,KG,813.1626901039448
Philippines,Tandag,Rice (paddy),17967.307550880792,2013-2,KG,813.1626901039448
Philippines,Tandag,Rice (paddy),18780.470240984738,2013-3,KG,813.1626901039448
Philippines,Tubod,Rice (paddy),16410.575127851283,2008-2,KG,-1302.8251562014302
Philippines,Tubod,Rice (paddy),16759.961361708327,2008-3,KG,349.3862338570434
Philippines,Tubod,Rice (paddy),12032.551060253034,2008-4,KG,-4727.410301455293
Philippines,Tubod,Rice (paddy),13830.802932309467,2008-5,KG,1798.251872056433
Philippines,Tubod,Rice (paddy),14322.951484289128,2008-6,KG,492.1485519796606
Philippines,Tubod,Rice (paddy),14382.825751989756,2008-7,KG,59.87426770062848
Philippines,Tubod,Rice (paddy),16305.3514922863,2008-8,KG,1922.5257402965435
Philippines,Tubod,Rice (paddy),18716.90627897989,2008-9,KG,2411.554786693592
Philippines,Tubod,Rice (paddy),19696.057701236565,2008-10,KG,979.151422256673
Philippines,Tubod,Rice (paddy),19758.482258482258,2008-11,KG,62.424557245692995
Philippines,Tubod,Rice (paddy),20160.9716389239,2008-12,KG,402.4893804416424
Philippines,Tubod,Rice (paddy),18826.22160521137,2009-1,KG,-1334.7500337125311
Philippines,Tubod,Rice (paddy),14120.862579428638,2009-2,KG,-4705.359025782731
Philippines,Tubod,Rice (paddy),14058.120202633469,2009-3,KG,-62.74237679516955
Philippines,Tubod,Rice (paddy),14864.037525402086,2009-4,KG,805.9173227686169
Philippines,Tubod,Rice (paddy),15194.589719358622,2009-5,KG,330.55219395653694
Philippines,Tubod,Rice (paddy),15231.89267088993,2009-6,KG,37.30295153130828
Philippines,Tubod,Rice (paddy),15244.835092691697,2009-7,KG,12.942421801766613
Philippines,Tubod,Rice (paddy),14671.393849333279,2009-8,KG,-573.4412433584184
Philippines,Tubod,Rice (paddy),16487.002925562454,2009-9,KG,1815.6090762291751
Philippines,Tubod,Rice (paddy),17240.685581442136,2009-10,KG,753.682655879682
Philippines,Tubod,Rice (paddy),17189.278003083742,2009-11,KG,-51.40757835839395
Philippines,Tubod,Rice (paddy),16641.8444890142,2009-12,KG,-547.4335140695439
Philippines,Tubod,Rice (paddy),16129.902776344907,2010-1,KG,-511.9417126692915
Philippines,Tubod,Rice (paddy),15612.051618289288,2010-2,KG,-517.8511580556187
Philippines,Tubod,Rice (paddy),15030.035124699316,2010-3,KG,-582.016493589972
Philippines,Tubod,Rice (paddy),17090.82343232545,2010-4,KG,2060.788307626135
Philippines,Tubod,Rice (paddy),16940.710096809184,2010-5,KG,-150.1133355162674
Philippines,Tubod,Rice (paddy),17210.681572455545,2010-6,KG,269.9714756463618
Philippines,Tubod,Rice (paddy),15604.01078884882,2010-7,KG,-1606.6707836067253
Philippines,Tubod,Rice (paddy),15453.737456894494,2010-8,KG,-150.27333195432584
Philippines,Tubod,Rice (paddy),15017.98687679893,2010-9,KG,-435.75058009556415
Philippines,Tubod,Rice (paddy),16088.631951075144,2010-10,KG,1070.6450742762136
Philippines,Tubod,Rice (paddy),15486.242402462463,2010-11,KG,-602.3895486126803
Philippines,Tubod,Rice (paddy),15245.55023292608,2010-12,KG,-240.69216953638352
Philippines,Tubod,Rice (paddy),15705.173096854998,2012-1,KG,35.35560491760911
Philippines,Tubod,Rice (paddy),15517.956153997142,2012-2,KG,-187.21694285785634
Philippines,Tubod,Rice (paddy),15544.975962065808,2012-3,KG,27.019808068665952
Philippines,Tubod,Rice (paddy),15509.723818852359,2012-4,KG,-35.25214321344811
Philippines,Tubod,Rice (paddy),15474.471675638912,2012-5,KG,-35.25214321344811
Philippines,Tubod,Rice (paddy),15524.744812700354,2012-6,KG,50.27313706144196
Philippines,Tubod,Rice (paddy),15704.65421019695,2012-7,KG,179.90939749659628
Philippines,Tubod,Rice (paddy),16133.42435634275,2012-8,KG,428.7701461458
Philippines,Tubod,Rice (paddy),15237.016911518904,2012-9,KG,-896.4074448238462
Philippines,Tubod,Rice (paddy),17216.532150660325,2012-10,KG,1979.5152391414213
Philippines,Tubod,Rice (paddy),16553.623342014413,2012-11,KG,-662.9088086459124
Philippines,Tubod,Rice (paddy),15668.178163645825,2012-12,KG,-885.4451783685872
Philippines,Tubod,Rice (paddy),15561.19207606897,2013-1,KG,-106.98608757685543
Philippines,Tubod,Rice (paddy),15529.13275299484,2013-2,KG,-32.05932307413059
Philippines,Tubod,Rice (paddy),14890.155076604311,2013-3,KG,-638.9776763905284
Philippines,Tuguegarao,Rice (paddy),16083.871488246285,2008-2,KG,-985.1447919403254
Philippines,Tuguegarao,Rice (paddy),16102.707974974663,2008-3,KG,18.836486728378077
Philippines,Tuguegarao,Rice (paddy),12666.956212814706,2008-4,KG,-3435.7517621599563
Philippines,Tuguegarao,Rice (paddy),11442.494178534378,2008-5,KG,-1224.4620342803282
Philippines,Tuguegarao,Rice (paddy),12008.206709893027,2008-6,KG,565.7125313586494
Philippines,Tuguegarao,Rice (paddy),14009.35865818809,2008-7,KG,2001.1519482950625
Philippines,Tuguegarao,Rice (paddy),18538.249945051622,2008-8,KG,4528.8912868635325
Philippines,Tuguegarao,Rice (paddy),18459.530944356797,2008-9,KG,-78.71900069482581
Philippines,Tuguegarao,Rice (paddy),18687.524626173246,2008-10,KG,227.99368181644968
Philippines,Tuguegarao,Rice (paddy),20262.284196547153,2008-11,KG,1574.7595703739062
Philippines,Tuguegarao,Rice (paddy),18018.684987335182,2008-12,KG,-2243.5992092119704
Philippines,Tuguegarao,Rice (paddy),16993.348848097605,2009-1,KG,-1025.3361392375773
Philippines,Tuguegarao,Rice (paddy),13968.767120806675,2009-2,KG,-3024.58172729093
Philippines,Tuguegarao,Rice (paddy),15714.089249058967,2009-3,KG,1745.3221282522918
Philippines,Tuguegarao,Rice (paddy),15107.414731700364,2009-4,KG,-606.6745173586023
Philippines,Tuguegarao,Rice (paddy),15064.164056531512,2009-5,KG,-43.25067516885247
Philippines,Tuguegarao,Rice (paddy),15566.764683126834,2009-6,KG,502.60062659532196
Philippines,Tuguegarao,Rice (paddy),15795.504040906799,2009-7,KG,228.73935777996485
Philippines,Tuguegarao,Rice (paddy),16645.82526676521,2009-8,KG,850.3212258584099
Philippines,Tuguegarao,Rice (paddy),17397.18687463264,2009-9,KG,751.3616078674313
Philippines,Tuguegarao,Rice (paddy),15971.154493262307,2009-10,KG,-1426.0323813703326
Philippines,Tuguegarao,Rice (paddy),17675.06194664915,2009-11,KG,1703.9074533868443
Philippines,Tuguegarao,Rice (paddy),15977.941118441819,2009-12,KG,-1697.120828207333
Philippines,Tuguegarao,Rice (paddy),15958.736517170213,2010-1,KG,-19.204601271605497
Philippines,Tuguegarao,Rice (paddy),15755.720804960662,2010-2,KG,-203.01571220955157
Philippines,Tuguegarao,Rice (paddy),16027.603827666086,2010-3,KG,271.8830227054241
Philippines,Tuguegarao,Rice (paddy),16755.70924737789,2010-4,KG,728.1054197118046
Philippines,Tuguegarao,Rice (paddy),16918.062088658367,2010-5,KG,162.35284128047715
Philippines,Tuguegarao,Rice (paddy),16882.966690248577,2010-6,KG,-35.095398409790505
Philippines,Tuguegarao,Rice (paddy),16820.040444299386,2010-7,KG,-62.92624594919107
Philippines,Tuguegarao,Rice (paddy),16578.01729833523,2010-8,KG,-242.02314596415454
Philippines,Tuguegarao,Rice (paddy),16866.83120344749,2010-9,KG,288.8139051122598
Philippines,Tuguegarao,Rice (paddy),16530.931111242156,2010-10,KG,-335.90009220533466
Philippines,Tuguegarao,Rice (paddy),16523.59835286664,2010-11,KG,-7.332758375516278
Philippines,Tuguegarao,Rice (paddy),16058.51242441193,2010-12,KG,-465.0859284547096
Philippines,Tuguegarao,Rice (paddy),15882.896913912922,2012-1,KG,-13.50888542300065
Philippines,Tuguegarao,Rice (paddy),15685.81866047067,2012-2,KG,-197.0782534422524
Philippines,Tuguegarao,Rice (paddy),15893.349136261104,2012-3,KG,207.53047579043414
Philippines,Tuguegarao,Rice (paddy),15823.152802551434,2012-4,KG,-70.19633370966858
Philippines,Tuguegarao,Rice (paddy),15752.956468841767,2012-5,KG,-70.19633370966858
Philippines,Tuguegarao,Rice (paddy),15561.686501725224,2012-6,KG,-191.26996711654283
Philippines,Tuguegarao,Rice (paddy),15059.509964472896,2012-7,KG,-502.17653725232776
Philippines,Tuguegarao,Rice (paddy),15372.958649808692,2012-8,KG,313.44868533579574
Philippines,Tuguegarao,Rice (paddy),15552.521524790305,2012-9,KG,179.56287498161328
Philippines,Tuguegarao,Rice (paddy),15331.358333800365,2012-10,KG,-221.16319098994063
Philippines,Tuguegarao,Rice (paddy),15503.085323389962,2012-11,KG,171.726989589597
Philippines,Tuguegarao,Rice (paddy),15580.700742136632,2012-12,KG,77.61541874667091
Philippines,Tuguegarao,Rice (paddy),17153.360377288383,2013-1,KG,1572.659635151751
Philippines,Tuguegarao,Rice (paddy),16866.664136406678,2013-2,KG,-286.6962408817053
Philippines,Tuguegarao,Rice (paddy),16626.102083664795,2013-3,KG,-240.56205274188324
Philippines,Zamboanga City,Rice (paddy),19413.61937490725,2008-2,KG,-154.8450723502392
Philippines,Zamboanga City,Rice (paddy),16629.432067614023,2008-3,KG,-2784.1873072932285
Philippines,Zamboanga City,Rice (paddy),14160.114116093453,2008-4,KG,-2469.31795152057
Philippines,Zamboanga City,Rice (paddy),12422.181704732342,2008-5,KG,-1737.932411361111
Philippines,Zamboanga City,Rice (paddy),12357.207335476574,2008-6,KG,-64.97436925576767
Philippines,Zamboanga City,Rice (paddy),12216.69191045786,2008-7,KG,-140.51542501871518
Philippines,Zamboanga City,Rice (paddy),20317.66311604261,2008-8,KG,8100.971205584752
Philippines,Zamboanga City,Rice (paddy),24407.602026427314,2008-9,KG,4089.9389103847025
Philippines,Zamboanga City,Rice (paddy),22643.27801419532,2008-10,KG,-1764.3240122319949
Philippines,Zamboanga City,Rice (paddy),21790.202799200233,2008-11,KG,-853.0752149950858
Philippines,Zamboanga City,Rice (paddy),19901.66653745864,2008-12,KG,-1888.5362617415922
Philippines,Zamboanga City,Rice (paddy),19675.06895617098,2009-1,KG,-226.59758128766043
Philippines,Zamboanga City,Rice (paddy),19371.78081847718,2009-2,KG,-303.2881376938021
Philippines,Zamboanga City,Rice (paddy),19351.609908563358,2009-3,KG,-20.17090991382065
Philippines,Zamboanga City,Rice (paddy),17618.19440776089,2009-4,KG,-1733.4155008024682
Philippines,Zamboanga City,Rice (paddy),17739.820632637467,2009-5,KG,121.62622487657791
Philippines,Zamboanga City,Rice (paddy),17958.18070691153,2009-6,KG,218.36007427406366
Philippines,Zamboanga City,Rice (paddy),17803.789554679235,2009-7,KG,-154.391152232296
Philippines,Zamboanga City,Rice (paddy),18814.294973956767,2009-8,KG,1010.5054192775315
Philippines,Zamboanga City,Rice (paddy),20973.356712383582,2009-9,KG,2159.0617384268153
Philippines,Zamboanga City,Rice (paddy),20413.551247270563,2009-10,KG,-559.8054651130187
Philippines,Zamboanga City,Rice (paddy),21321.315984594254,2009-11,KG,907.7647373236905
Philippines,Zamboanga City,Rice (paddy),18386.245938895558,2009-12,KG,-2935.070045698696
Philippines,Zamboanga City,Rice (paddy),18183.42524929351,2010-1,KG,-202.82068960204924
Philippines,Zamboanga City,Rice (paddy),19619.4231566737,2010-2,KG,1435.9979073801915
Philippines,Zamboanga City,Rice (paddy),19107.512626501688,2010-3,KG,-511.91053017201193
Philippines,Zamboanga City,Rice (paddy),18618.853476237342,2010-4,KG,-488.65915026434595
Philippines,Zamboanga City,Rice (paddy),18078.157774737807,2010-5,KG,-540.6957014995351
Philippines,Zamboanga City,Rice (paddy),18823.39551189501,2010-6,KG,745.2377371572038
Philippines,Zamboanga City,Rice (paddy),19039.437923235848,2010-7,KG,216.04241134083713
Philippines,Zamboanga City,Rice (paddy),18917.707286855,2010-8,KG,-121.73063638084932
Philippines,Zamboanga City,Rice (paddy),18453.25249797792,2010-9,KG,-464.4547888770794
Philippines,Zamboanga City,Rice (paddy),21323.142523809696,2010-10,KG,2869.890025831777
Philippines,Zamboanga City,Rice (paddy),18696.07454775244,2010-11,KG,-2627.0679760572566
Philippines,Zamboanga City,Rice (paddy),17299.9151579303,2010-12,KG,-1396.15938982214
Philippines,Zamboanga City,Rice (paddy),18442.17421746873,2012-1,KG,87.86608150295629
Philippines,Zamboanga City,Rice (paddy),18278.15283685097,2012-2,KG,-164.02138061775986
Philippines,Zamboanga City,Rice (paddy),18702.72232641988,2012-3,KG,424.56948956890847
Philippines,Zamboanga City,Rice (paddy),18110.59346259594,2012-4,KG,-592.1288638239384
Philippines,Zamboanga City,Rice (paddy),17518.464598772003,2012-5,KG,-592.1288638239384
Philippines,Zamboanga City,Rice (paddy),14956.658095711891,2012-6,KG,-2561.806503060112
Philippines,Zamboanga City,Rice (paddy),17222.419449303234,2012-7,KG,2265.7613535913424
Philippines,Zamboanga City,Rice (paddy),17623.172843419543,2012-8,KG,400.7533941163092
Philippines,Zamboanga City,Rice (paddy),15421.038854894734,2012-9,KG,-2202.133988524809
Philippines,Zamboanga City,Rice (paddy),16467.014506674466,2012-10,KG,1045.9756517797323
Philippines,Zamboanga City,Rice (paddy),16338.641220689551,2012-11,KG,-128.37328598491513
Philippines,Zamboanga City,Rice (paddy),17850.809947636284,2012-12,KG,1512.168726946733
Philippines,Zamboanga City,Rice (paddy),18745.655433407977,2013-1,KG,894.8454857716933
Philippines,Zamboanga City,Rice (paddy),17338.84288501702,2013-2,KG,-1406.812548390957
